-6.825646982849293,-4.079517608439193,-3.829042428224591,7
-3.9892972591501463,6.9488727248908075,7.231600815498203,2
-7.491615906946897,6.906474899671793,-6.108426898627788,1
-7.895088761354156,-7.140511530029002,7.034898709820761,0
-5.313074825929196,1.341315647718055,-6.09371562411857,4
-7.886324266144553,6.683642744693045,-5.651569233259775,1
5.357269123158044,-0.19513619693506656,-9.974108054878174,4
-6.883333013575196,-7.780324149094707,-1.3094110812938728,9
-5.800457827113289,-0.4293631341935645,-4.6804399998286925,5
-4.273795938630878,-8.295346256704626,-4.180575244459478,9
0.7196821769691135,-1.3369206237845164,9.414348523426757,0
-10.857646953516495,4.342055966721777,-1.8830259880023952,6
10.99796202620526,0.454999254104816,0.2883314812703994,9
3.6249369455104006,4.722898173390167,-5.31317848216832,0
-0.28330368571329967,-5.407668620138486,-4.569243758175159,1
-2.5486926068875233,-4.296839358835956,-2.2316861573206364,5
-6.787854984537105,9.72870553519182,0.5106279375153381,9
9.293174108783422,-3.7099653912820987,-2.472335922226123,7
-9.464483982104653,-2.184661678876257,-1.4651276998989473,3
0.13808064389784325,-12.144236251105749,0.932645360316432,4
-5.1971791170421175,7.692505924995433,-4.870779982661231,9
-2.913809244863094,8.183009574545043,-6.631771235878608,6
5.7365816561526675,3.083321119110648,-3.414312482329742,6
0.4259156957243434,7.403060850995105,-2.6302536929283384,5
-2.845220316657685,-8.092745023480521,-7.670981960430856,4
5.109263970314398,-1.3073237493995105,8.48349492026038,0
-10.166554849091295,1.252195983978476,-3.698884548034888,7
-5.4098361412167835,2.0020567592118153,-6.364279041391228,4
3.337686197033873,5.039887730179731,-4.941745632567901,0
5.205264423373857,7.5940761118880955,-4.78160863843212,1
-8.954776522373566,5.844567652998263,4.502579545705447,3
0.0855245972430495,-9.520497484050676,0.9986753616384193,1
7.238072260311064,2.4738152417817907,2.0747622447232135,3
-4.985359938873095,1.9132091788517223,0.7652306903393651,4
-4.303691867340293,-6.1845727610424515,5.191908191513352,7
3.0953977433961435,3.627784063659084,2.809209559918017,2
-0.2762426761851036,-1.8351299452900858,-2.123339994117211,7
-9.504664759239697,3.9175123176511657,-6.149053995190111,1
1.223577173171606,-3.5828638672588373,2.491807245873589,2
-1.5777068841572448,-4.5656504282549975,-4.621483759480384,1
10.849482006365369,-1.5130654026866455,-3.1268782241568194,1
-2.0376019128582588,-3.297126343357147,-8.085803314962067,7
5.1691762668543815,-1.0354862462007537,-9.806513173151608,4
-2.651634916069088,-11.0068600802443,3.520283296275263,2
-9.206676840737885,4.498143133002182,4.168603466726412,3
4.5893370022444016,-10.278641269180728,1.4542592957198617,5
0.8951973733061683,5.610105078977081,-8.61160433862303,1
-6.548410888662609,4.6102296586067775,-8.060782973716648,2
-0.175671149365981,-0.6035003505125232,-7.268603748278237,4
-2.1588643820853037,0.25586601302655,-8.124280215012382,4
-1.8029626451018625,-5.344390324298745,4.649189773678374,6
-9.509276985736703,-2.093236096690137,-1.186066677834607,3
0.40206137240956963,7.458478661641277,-2.775431491008782,5
-2.719116010302158,-4.529911046180256,-2.356846215730001,5
-7.616013211700974,-1.215360318455036,-5.879250979340829,6
8.188747823797554,4.347344733671596,2.3210836552547924,0
-6.336671653583104,4.757676487826722,0.37158448213303424,4
-1.1679634389661144,7.379695214714616,5.894406183196917,1
-0.4649660649569064,-6.442130674254435,0.36486131216552503,9
0.8527280822738281,4.242852051826742,5.947429729540209,5
-5.987401986130833,0.8675887113030215,3.075499544830371,7
-4.718085434773325,-7.641163787150834,-3.925090868779,8
-8.095479168416032,-5.613106735537136,1.5377624194652209,9
4.104052385835075,-1.0931290687295723,2.7105939385357996,3
-4.537622766916598,-6.622712697461411,4.778802010517174,7
3.9406808485589795,9.682646034845941,2.4062134783969054,4
5.954712007660117,2.930571698026755,-3.960897987184041,6
2.2836846230320016,7.453468108248889,2.9675028248540607,4
1.280277476635341,-1.5969150237990584,3.5035487926561455,3
6.086897703615415,-2.14811126577555,-6.910307556461068,0
9.35175202220102,-3.721536430981385,-2.326528375554027,7
1.8480464222651627,-1.2635780948257223,9.32292831163555,0
7.996339223536793,-4.531604430216863,0.9587299439545546,2
7.339013633648232,0.3430034369342175,-6.200109299028188,9
9.533197703018802,-3.5673650971414554,4.929543768502021,1
3.5243695268201765,1.0850539235656567,6.6141703072721585,7
-0.5899610996751224,-4.979940227132064,-0.7111136833928134,3
2.0618558578716986,9.258104045450098,5.213491319744714,2
-4.97413665582258,8.274169433822083,-4.951911109485525,9
-4.0834217701877185,-5.5068634093221585,1.9341131865600674,7
-6.649037643986212,-9.172023856457647,-0.4226515573690057,7
-7.7582350159034,4.9259963556114155,2.599900427804585,6
-0.2680868466806901,1.832668325491329,-5.1818127316982014,2
-1.7679579605072269,-2.370774567480699,-0.18762520224927962,7
3.790914454389842,-4.790920811516732,-2.8104061685261876,8
-0.5715549572313715,-0.43244647660611185,-7.447540730767378,4
-3.761845714019573,-6.141430231928854,1.951055779140026,7
6.987879781743031,2.089223905251492,1.0146094469747593,3
4.90523461784685,3.7896683927737818,-0.8378610027953497,6
-8.218807532245771,-8.264701281203777,-3.084676283705581,1
-0.4105173176699964,5.694224140881842,8.738960727698496,3
-2.7587637014405204,-8.283294145381898,-0.3263729762099354,6
-3.894455696318496,4.590483606433543,-3.586535101663401,9
7.3935077513475065,9.131513330197569,-1.6251860069742756,3
1.551195075371719,-3.7756488548988014,-1.8652192125248312,1
5.211684256315504,-1.679995804421808,-9.591459853789985,4
4.943965816157988,-5.835946882013136,-7.0088895027008,1
-2.2363529336653247,2.0003321126818308,9.63700671736875,7
-2.833578092407934,11.228579870888709,2.9070688438784935,6
2.1462838308491055,-7.083433069027933,-7.019044122062655,9
-10.652147761379688,4.482655886624199,-2.1349576345594925,6
-2.560941873853191,3.608485541833745,-6.161785126702075,0
5.039457684474945,-9.411103054938355,2.929282615314101,5
-2.3590307757425184,0.48837609139802496,-8.349826205656735,4
-1.8878456059486872,8.330157638644902,3.1640864137370275,9
4.992544933579402,8.967172686540405,-0.2779719448298536,9
7.819146319204023,-4.4281645143775155,1.0549646746793606,2
5.5640142314792165,-0.06629826588457927,-2.103643673371187,1
0.7512572295712449,-5.649819290969302,3.383253767332158,9
10.987663788270988,1.2265798493880606,0.5416398690553192,4
6.481159265358513,2.947029003316002,7.885698208770487,8
-2.1323127246877394,1.9945140174602773,8.514118972383223,7
-4.699022052572214,5.436090396015454,4.105761343119345,3
-7.174821693322668,4.293112538311185,-2.734557073061046,9
-5.710043734257614,-6.119288089598804,7.895870489571132,7
10.950931926897027,1.352978048696047,0.33104598389705775,4
-7.588277858521277,-6.41057585044198,2.867421135268401,4
1.9440578994724158,7.407663150869761,-2.352007040603387,4
10.969945237272572,0.9337367100165593,0.3332571527612253,9
1.2468744455892309,2.8157333086028564,11.294291143930378,2
3.3484626786593537,-5.310751036939959,4.10410116305206,5
2.5562623187740017,-7.367061094495622,-4.076008031168481,4
-1.7292622308857297,-2.389257609112728,-0.16602521537677273,7
-2.8024809595347673,-8.081872361457739,0.046666820074201656,6
5.505066656045907,0.12650767057711032,-9.993154129388326,7
11.0538228290259,2.6854319492951864,5.089105345399213,9
-7.816825244401118,6.980127419897422,-1.5920129086667612,0
1.6246361154143891,10.656534424355272,-1.5335293779814427,5
4.354701630686844,-5.784331514283044,-2.1378625965956295,8
0.31893446663769637,7.478970049392624,-2.4429300552960354,5
-7.467867732476631,4.588092689026389,2.9392348065337064,6
-7.253098648796557,4.298810735474649,3.2429305878240995,6
-0.7118358160361234,-3.668389193839424,5.518771263176964,5
-5.440293038609532,-6.950861719857486,7.4614928222878545,7
3.5982794776203364,-3.117964971353382,-9.969915946991259,8
-1.1283105906997675,-4.508102672130957,-4.661114466713939,1
7.284078696169594,4.335118291273015,2.2957194853256895,0
-1.4350090042263022,5.382584110309227,-2.768963851418939,1
5.111322926638406,3.5816556209962407,-1.4740131480766703,6
0.20753420907320652,8.711886442773325,8.404563158526278,4
-2.2195748919701117,-4.788143611419298,4.423791290345401,6
-10.58162095568512,0.7411848077784536,-2.9592551851108757,7
-5.275568295498231,5.162851602650452,6.450654536736786,3
-6.926955778658908,-1.783481899430254,2.5171288495280244,1
-4.072111588409307,-5.518990000656146,1.9503694176777597,7
5.091259736354278,7.548100578179912,-4.865224600470024,1
-9.214398309436561,-0.7633628465584703,0.20766116418269384,8
-9.505489255724449,-1.444477562998176,-6.826622631081382,2
8.003898459206109,3.5439743564499455,2.2042538350752485,0
0.8190205759010005,3.7566359179258946,4.550707076513071,2
-3.2308091758295183,-8.323675528967193,-6.855952501799975,9
-1.2079595048928258,9.304955497940052,-0.42338822339527077,9
2.867629305446724,3.1071642582931576,-1.6585620400840333,5
-6.465786931201407,2.1877890703548215,7.534366135843002,5
-0.7174107964180003,-0.05319607891798678,0.5199704826424336,1
0.5163132116371216,7.355375425431607,-2.2041684011589777,5
4.754562234265065,3.9379984425121988,-0.3943770672452017,6
6.88895232014912,4.669811677312843,2.3518832549555464,0
0.8137775270094244,5.574015248381784,1.721873700477982,3
9.586806927197406,-1.3533421700043557,-6.057033686156086,4
-6.872780563818706,-6.137662020860627,1.6206364850716752,4
-6.8631519322875025,3.659294285961881,3.957165506324831,6
4.305288821932546,-5.015445638088897,4.461081420507999,5
-3.043018864389856,10.048011260593517,5.391232766229563,4
7.535621811543747,-7.007740778932811,-4.779747690355819,6
-2.9735023632756468,-4.7468584943799925,-2.4082959356150053,5
9.44621777059312,1.5548319222440115,-4.608406935478415,4
5.715125182991113,7.273432649834916,-7.806445212869408,5
0.7526831827789157,-2.609969151713927,-0.40317111353733076,1
0.06943422322837484,-12.147731595293868,0.7813425354777785,4
-1.0408000386328982,3.9628277773205993,-0.04220539339092566,4
7.367623165820117,0.4032743309099262,-6.224398116666124,7
1.3421999830105567,-1.251017002822676,-9.147753932331431,2
4.461927053608512,-0.40711779090469696,0.2546885266468077,3
8.071597098629741,7.137751606872478,-5.948963824930001,2
-9.877274946709067,-4.0774324044931625,-4.05905524549096,7
10.896602345364757,-1.3272517096919192,-3.1743821081898957,1
1.8342020404805108,3.7293187902424942,-1.3551880545666313,8
-12.262237263087133,-0.9872482829343857,-0.9588269350337294,1
4.397836905302155,-3.6439784255442813,-6.172382132860668,8
7.502306287299772,-2.7065050595367053,4.13147449474262,1
5.126247103451595,-3.8827593841899897,-5.895901174288646,8
8.730096665878351,3.512762412054862,-2.3029479929045666,5
1.6376405527704623,-0.989073667126927,9.298591073215833,0
-6.728704410624339,-7.362151392004587,-5.90011809164468,8
10.633264825292034,-0.06645443221115296,-0.5840024997410276,9
-4.345131149872938,-1.453848100927643,0.9661689583247337,2
9.222648125078784,6.294412130036606,-3.1624199130293227,5
4.038556338964842,-5.288533225314541,9.516029851542342,0
4.938810164248392,7.481841787573716,-4.9832083843054145,1
-1.000581835109546,5.251248588433795,-3.288785985564722,1
4.9520333720060075,-5.801564827237515,-7.101614540353676,1
-0.14016755218910684,12.060043091528721,2.567042034369015,0
-2.1793529079367455,-7.867510037396747,-7.367246937496045,9
3.4467102470757354,4.813048053262969,-5.633018415750574,0
-0.7605490309758233,-9.52943945601363,0.9624099123948556,3
-6.4719828092375336,-1.4436543403725313,4.7636866158010065,1
7.659233766049013,1.7634688436022925,-2.7399198244321052,6
-7.865057813361515,-5.8084345145515135,1.887609721514069,4
-4.354051639451172,-1.4368498459270824,0.9479938518469405,2
0.4350831779170395,2.9681641999239696,8.550207608348945,3
7.0621686607892284,7.9689553309623316,1.7068959188927753,6
4.799085502779465,0.022597342691775053,-2.7837857212846036,1
1.6501146917096288,-1.6954239903064678,6.321464290995639,1
-7.628390657612708,6.819871050380224,-5.9491656969876825,1
-4.640928020952016,6.27045269045733,4.328449271873373,3
-4.471796991930207,-1.968219867678822,-5.307712339537162,9
9.3965843752278,6.278211664732605,-2.6552215487551236,5
-0.6402777139987509,1.682917103109319,-5.312391300289597,2
-5.693983017576559,-1.2900432097510752,8.878015261807729,9
-6.627997096649959,4.4525730281673255,0.24702842344574566,4
6.095676996884877,5.069018455351932,-5.54245881068163,5
-5.673595854971292,-1.2490790806833703,8.9394797487631,9
-4.758304563382739,4.681873862442636,3.901714564391408,3
-4.490498266724937,-1.5916261695457896,-4.47778441603801,9
8.519342115664163,1.3183601455510092,2.1131673854780524,0
-9.598419200424816,2.44499585990621,-0.012531946293152069,3
-9.273944460434306,-7.5047270687093945,0.8328137835185674,6
2.8848066198033377,2.456293915009907,-1.6783203465095617,5
6.511385427287422,-5.578085846108714,8.48409396994821,5
-1.3777176117256817,0.3529181025709187,3.7893157237479853,7
0.11011971024552644,-7.914378619399828,-1.7885092766212964,2
-10.47985775350641,-1.8369776437779628,2.541612224961319,2
-4.0461526674767265,-5.703322542738469,1.6888432226789583,7
-1.103480527679417,4.288308610155911,4.28844491022858,1
-4.537965574980705,2.162970318915889,-3.5242216724877626,2
4.853424676202852,-6.510962737335213,-1.5402543096164023,8
9.487131163800587,1.2650932956607897,-4.350693103051936,4
-11.125511181511392,2.744328542614033,2.447561585074143,1
-1.9351793004171578,-3.0669193572172526,-8.294891905980801,7
-4.314009034520958,-1.1421833277677416,-10.363115008652839,3
-5.9720704293998015,-1.2027330207222806,-2.866141237305295,3
4.781791338778232,-3.793149799850175,-6.006179715826774,8
1.7416799256243642,3.4917290279421533,-0.4757162229548675,8
4.678478804484905,-0.09048722475215287,5.672393581460146,7
-10.158513845366016,2.465549546904879,5.499994265095984,9
4.879583031793118,-4.301638109967685,1.847270842835432,2
-6.420888973707097,4.665042831819674,-8.128631952807572,2
5.166723536776735,-1.350860831983683,-9.71045579690368,4
-0.27774398415406976,-1.1093226979670203,0.4458735875141084,1
-6.136987291680309,2.642058105451159,7.858057637169554,5
0.15300860660259213,-7.8883831302099185,-1.5581759789699152,9
-4.5642823168403055,-7.869736170252947,-4.01874687492308,8
-5.990500624251123,-4.955675006143779,8.579926205266792,7
-6.355921658718667,-1.4827916117321809,4.737736227325044,2
0.9785446069947806,-3.640753114862665,2.5351357297384136,3
-1.7971116749523484,-2.542078108740172,8.729952968863389,0
-2.773406161713848,-10.997263801744683,3.3534938654437543,4
1.7689988792139975,7.620922533037995,2.9470516577079393,4
-4.003171836078739,-1.6740667773513533,1.021411394168611,2
-4.132919351888169,-1.7409162345377134,-3.880286381076388,4
0.13844111734347836,-9.185843215133195,1.6896647683858093,1
-7.231166188763858,4.25282466122525,-2.775685857524166,9
4.731643709625566,-10.062994133446736,1.7802066094061189,5
-0.6986536445552577,-1.8203819295999903,-1.7194938594018072,7
5.633421103399986,0.6382069151060442,5.536875742602221,7
-4.141891416288804,-1.4354346293512807,0.8908592761681237,2
-9.089596607175826,0.3270848091537373,6.201175705075334,8
-2.5569830341884514,-4.638702612747783,10.644229065160829,2
-2.53773722158634,-3.0120317578271654,7.926612032034832,6
-4.989353313913358,7.866328560342396,-1.682095699371312,8
0.26885989630979096,-3.215264986374872,-4.987338827748855,5
-10.416696266688593,0.9231002075451049,-3.2496061846716935,7
-2.012142394613693,-3.2384495236220032,-8.133813015285337,7
-7.155050188520365,9.397394400477467,-3.175945019795148,9
-8.160558091628017,1.2263660925817224,-7.3919766553323845,1
-0.2587595675382512,3.42102175681643,8.206865295159183,8
-8.206975923703888,1.3442625588862758,-7.22369068425914,1
-0.7724570178282328,3.118841655809686,-10.811274532713613,8
-7.950359064260591,7.231676533673545,-1.4018196759244692,0
7.622619334725643,2.672179173163374,2.9567871388287728,3
-7.952364714548297,-7.077817069040977,7.010464948358306,0
2.4157597820370733,-5.3615259006784965,7.077954838271144,1
-2.1756171236972253,11.38206652095573,-2.816721411055582,9
2.280042938430165,-6.738489530738657,-7.331372112039746,9
-5.365139528830669,1.64263021439226,-6.216732580354631,4
-6.763638768936725,-1.7051947516825905,3.3265810871549095,1
-5.703327725148699,2.6747123634166496,-10.047020356933201,8
7.140847361613191,4.736347604469119,-1.635688638591826,2
-1.1926435694718778,-0.514960098189197,1.1638530256950261,1
-1.8317186015996825,-5.804158456011436,-6.35918311019946,2
10.801739702391034,0.1553245731578658,-0.1944108657534297,9
4.201236396516159,0.3542288870783706,6.021374663951298,7
6.213603081278246,5.096329966462143,-5.508314614856337,5
-2.0026935811329527,8.313428790125203,2.8936905849604257,9
4.816968798430938,-4.404625960612142,1.863734348182857,2
-5.29819340140589,6.01164975378656,9.29739661985665,6
-1.0539210547074398,-9.228550590181996,4.894149477702033,4
-8.110815286794912,6.566519273962155,-5.393374995009948,1
-0.6240292191558128,-10.128582582297833,-4.977550860252416,5
-3.9830287637292017,-1.8261056165416512,-3.465122209670143,8
1.314487333020692,-1.285949638279569,-9.132471073451898,2
1.9627765571705542,-7.605506383141866,-6.555786651545401,9
-1.9862664653334223,-5.854811175634751,-10.331516809978892,2
3.4506153608921504,4.879369301625621,-5.258375018201491,0
-2.6083513880103486,8.586048554178053,-1.028665836084304,4
2.3023080180054394,-1.3456004072780705,9.289521601891284,0
6.012928342979773,-2.1083019835873005,-6.899601148717642,0
-2.4547883067701135,-5.50695619181149,-6.193048174177436,2
3.581119020745159,-3.3009285306959146,-6.542619218293678,8
3.137623239262799,9.125733954529673,-6.622483737191947,4
-5.557885590406144,-6.574805453887169,7.656227812853512,7
3.307167458191348,-4.937225024794681,7.123131583607964,1
5.568846301956748,3.6373195106223024,-9.458700280369833,2
5.842509276731841,-2.5847535968527975,-1.5066249215196343,4
4.713470785901612,4.5682579492030895,9.442066602650806,0
-0.1439319758689484,5.215513146182233,-6.430752203512928,2
-5.840972286872375,-5.7477792419634754,8.095615419447128,7
5.23394928806162,-0.6019422670883573,-9.910379550442856,4
0.06898796151312907,-4.697311127338963,-0.6617226537607639,3
-0.7738323639643231,-5.0639458925845275,-0.823710079286149,3
4.018074355031248,10.082740575217,-2.128340254693114,0
8.458425196450648,1.896471542727081,2.1566812292173894,0
1.7888997340563562,-6.382016930663886,-10.108290193847678,3
-0.3895581212880671,-0.7215457546491342,0.5595527570902428,1
-2.131963333452424,11.367146449346698,-2.8825501437569647,9
-9.219217117488986,-7.845679499110834,1.0154694695420396,6
5.784265997782024,7.507163396784593,-7.578695593211802,5
-0.8874086566161997,3.1806086264738314,-10.8474113097544,2
-3.2859055924204688,-5.018326103694182,-2.493143930317826,5
-2.4014360949392146,2.01690819071941,7.629330061194663,9
-1.8047744920401436,2.0152095319112506,8.52780740531461,2
-6.786236208259904,-8.545429264560214,-0.8633610160209165,9
-6.037307070214631,-1.35258147560812,-3.0608949436520017,3
4.32787184209557,0.6924205696991028,-7.211631424921944,0
2.487468408859941,-7.374898714196664,-4.1413655304227355,4
1.4032978832523795,-3.006489385321865,3.3989980075269757,2
9.287670167537012,1.737652556677578,7.140751741034968,0
3.808454592921482,0.7630402830646726,6.345877044507369,7
-8.269949761565613,1.5164326770491916,-6.969532310912664,1
11.437057897447833,2.552443367162015,-2.5533824664326485,1
-7.11775253017828,-1.8559874401196772,-8.966681198284801,2
-12.267956573582872,-1.0230577894011816,-0.9799231270114719,1
4.81272804966331,-9.423131418976178,2.9160919483001293,5
0.027899083247280587,5.707491694034536,8.66744243219963,3
-5.435895214434277,9.04782102273952,2.5642975059060094,3
-1.5572857483616689,9.213169769682551,-0.5896592647986972,9
-0.5212118000055543,-1.6275040777462604,-2.0568091287602646,7
3.5979546913049596,-8.517763418396035,-1.1280994227129215,8
-2.777624730871774,11.244373063898438,2.955694195546098,6
-4.344944360016704,-1.1851920431460121,-10.234444873931661,5
-2.4032551184077313,0.4708212793610039,-8.315124300621083,6
9.509281073050806,-3.801130402850167,4.769779505949942,1
3.618159425086745,0.3739778569084597,0.8217052043563641,3
5.064633248748286,-3.952502559632431,-5.845312717494235,8
-8.319797106283625,1.6682232417006821,-6.737515822265434,1
8.347402598830643,4.817475964470978,2.4526066063347893,0
1.8127282981317632,10.535146784519604,-1.4285302973046645,5
2.941028261765155,8.586008841666885,-7.717663101770588,1
5.999985895741003,0.8839181493818007,5.495173667234244,3
1.138096473682716,5.9264773908622725,-8.305728254851038,1
3.754436658880648,-5.162422290820298,4.2530153559157435,5
-2.7541895312193487,-3.0244225448169795,7.555729784176052,5
5.959387022026781,-7.412091498161614,-6.612319892890005,6
3.8432427873656967,0.15305310032352942,-3.720969054509717,1
-4.906775168197106,8.126273028798355,-1.512712462311699,8
4.999975146978944,-9.962666183053514,1.7886038880904016,5
7.4231262951661785,-2.8340211878352917,4.450845258778149,1
-0.6212003757308264,2.8277687859695417,-0.7362467770358769,7
-4.970663234700296,-1.1344446312404095,-4.567269741766264,9
-1.2601025337685174,-9.147254000531186,4.777919754663986,4
6.98541977361804,-7.144514190652377,-5.419506144944483,6
4.914376298771305,-0.9212566562321756,4.8825484576346705,2
-0.23425963811582362,5.293938635136414,-6.464308025513717,2
-4.58154018551475,-5.145521495555986,-9.24070895664884,5
-3.236035646518826,2.088287466673666,4.355018243946439,0
7.530616828121622,-7.035386733819306,-4.77145449994183,6
7.877488639992062,2.792108828604866,3.48698300459193,5
-2.806468761872107,8.148325710951822,-6.261930486330657,6
0.3167733203446302,5.712876194756086,8.61557605063405,3
-1.1472102955223893,-1.6795087094081655,-1.3327633807382095,7
1.173935011235386,-3.658053565050706,2.437771248477503,2
-7.1416747915468735,-2.9999527490025706,6.576161879552937,0
4.141648032355618,-5.112766399227955,-2.3728803797823015,8
5.069379031327389,-6.251064700638204,-1.288507875661257,8
1.5312802840011113,10.718647560842236,-1.6158591554285926,5
4.05228691703497,9.468365370758438,2.9900659720919163,4
1.0271823417680537,-4.197280345471535,-8.011694331976434,1
-0.3185565657956698,-3.5832514576266106,-4.932598850036919,1
-5.432612217457579,2.280928001843568,-6.47793193535917,4
4.6443390715447,4.545480269136094,9.441436546918833,0
-6.215831218723075,0.9237236037568112,2.9110995792953096,3
1.5914200813774078,-1.3385599149208327,3.601247604060018,3
4.267294625533943,-0.011980072107368733,5.699189627896831,7
2.622773373223812,-9.134858978115263,4.540736280478019,6
0.030615257937240837,7.043775058601798,6.028092014381295,1
0.5652919704274129,-3.5072102006433705,8.613521599376746,6
5.630648751003643,3.6062749891361534,-9.42351078654099,2
4.326317981447221,0.08110432674849796,-3.237974293937019,1
6.258130793684195,-2.635582061855274,-2.716647836728932,9
-10.427121754492603,-1.8154386635312383,2.611825915674999,2
1.897209657347916,3.680122520929477,-2.1218418046009244,8
-2.702032314225204,-8.47540345314444,-0.6775442660616599,6
0.986912433752032,-4.208661196137181,-8.050075477082041,1
10.93273426170767,1.3461663741135754,0.3537160141744765,9
-5.925110694183256,2.9208295759480842,8.058940733536542,5
0.983007551455352,-0.6287932912100868,-3.84255628608443,2
-6.295669525393175,2.4265150359185776,7.7039156469481505,5
-5.770507357418489,5.074345093717632,0.6629400954226685,4
2.5558150730069653,7.359091183771379,2.981137477695444,4
-1.6984049391503449,0.9579479058242758,-3.9092700436298293,2
3.9405607973520826,-3.4573583053747,-6.376677159137336,8
2.9924104230169664,1.0299770357464277,1.4563448224171534,3
-5.42461575113442,-0.7343807349504113,-4.638433105423858,8
6.919123089193809,-0.1994443424239448,9.276051166588728,2
-1.6124585863647596,-9.017019113671326,4.500068154469177,4
-0.5676602452750706,3.603632825307159,8.060308796953631,5
3.8168939623126783,4.542547036168508,-5.44995008939569,0
0.16416654970552294,5.492977964422749,2.6117845339083594,3
2.0533783409071344,-5.573504060880821,7.038963901636802,1
-10.294940612625712,1.0739095734002437,-3.4666601718135412,7
-2.23798587240448,1.9882260892106445,8.036858436917313,7
5.494835425986651,-5.635811097927007,5.018170168816319,5
-10.99244766307797,-2.017070195036863,4.475376366139647,7
-6.905316957323975,4.552895136838018,-2.5768159678361235,9
-0.9783689158533558,0.6907772882173011,3.5702809747744975,7
-0.7836250186988298,-4.685790048469881,-4.6098857117556955,1
3.314388853254293,-10.32449787745285,-3.742532120073257,9
-0.9880064682990021,1.4046022767637014,-4.861366647401086,2
-0.7858202498532493,-0.762458216974879,0.861547306743019,1
2.3846572392288214,-7.388767148470496,-4.228913630967024,4
3.0721191597738247,3.614679197604803,2.734246973914844,2
5.932029655608856,-2.435921224278081,-2.839055444055365,9
4.954870607699845,-4.2149859110773376,1.9059199195900776,2
-0.014246994242038059,-1.5243244422429651,9.47062793319929,0
-0.6680692701547618,2.8420587475559294,-0.7767830312777333,4
0.967034107427429,-6.538743782249348,9.782110790978265,9
2.8117528040701956,-5.131069177264593,7.123683889225891,1
1.8865026411236752,-1.5183998403601238,0.9418800510762224,4
4.463888447924606,-7.483202530311032,-2.0850657749990757,8
2.932537482273297,8.535476479249816,-7.805178392969843,1
5.49054729084779,-5.904421709951939,-0.8353646907637665,8
-6.937730961293321,9.512616881356635,-3.3942690258081916,4
5.903368707017459,7.948179801858978,-7.146773771099828,5
-9.8330091255762,7.080978440219737,0.6723839624035777,9
3.385509572042307,6.743956085487168,8.876242807127023,8
1.8450845509067668,3.6515959841403767,-1.63910984064709,8
-6.301242279793077,-4.77925262801044,-7.730701675037103,3
-5.926359410129117,-4.206905166818637,-4.3473719606085295,7
0.19607736715028753,-3.2854225908325416,7.90873990161298,6
4.028181853969257,10.05022084113019,-2.1960118691923958,0
8.102438508328598,3.263074854265416,2.1819010729930137,0
7.013432481026265,2.10782045339985,1.5285594002898302,3
9.709331599518041,-6.171672345530095,-1.9908466492447685,0
5.991084073706557,6.555133965413151,-2.2403932906799677,2
-4.548770595845652,2.406612118624267,0.7087475308711425,6
-6.849701108099618,3.675057882394452,3.962632340903553,6
-5.323821420995308,7.367321124439382,-4.824501837310474,4
-7.935385367233089,-6.137870821022071,-5.404408720590924,9
-0.809908049430326,-3.656124116618857,5.3901031723737995,3
7.349543830021733,9.150078676880192,-1.6802957949967454,3
0.8207681618615938,-1.8054385805758246,3.538094157208425,3
-0.23166561696770205,5.298251845155057,-6.454174747255193,2
2.408613789742637,1.8663559350098615,2.1291405240211314,3
4.997771431873291,8.790168019323113,-0.2546106841282348,9
-8.248391179210008,-8.209345580661886,-3.0968795761186083,1
0.9002511727184578,-0.2787784236894743,-11.794860727632187,2
8.48076250629175,-6.281701493128293,4.674904880955682,6
-9.346286804071077,-0.9791011738560919,0.1107962624822964,8
-1.6558420017685056,-2.1238234813184262,9.27001130376582,0
11.611831369479534,-0.04585046693844776,1.67506256653568,5
4.754685769283879,3.9372118364657585,-0.39408937345781764,6
5.981402095227878,-7.383821058903046,-6.634835223098777,6
7.6215613760737,7.854717220404017,2.0669685454246762,6
-4.202946550585614,-5.971907947069132,5.403433716062996,3
4.253468049088773,-5.232871134290542,-2.2211608766900777,8
-4.940708992581289,8.01637548165222,-1.5843884205235854,8
1.7940787717411624,9.36348045875155,5.085695045036387,2
-4.138978188636401,-6.087155191723744,5.4244504523107775,7
2.9931185423129545,-5.462314962333088,3.981841443989408,5
-7.28075548994681,-6.74920490459165,-5.607592797158861,8
11.242990981916245,0.19361086761704502,0.7814628757094544,9
5.314175544018904,3.4062323166641777,-2.1482448276697608,6
0.10141662156687427,-9.515883974883518,1.0036067870668715,1
-8.800794327189777,-0.08750129247682507,0.5494483306608838,8
-1.426918306183317,-9.08422283964615,4.659489752415982,4
-6.504081324827586,-1.5371824271358578,4.401610602295315,1
-4.148884612408295,2.2897193613675193,-3.367962916640608,2
-5.498939867886669,5.986901599828942,9.21074958359367,5
0.18421264777454724,-7.866141032863317,-1.3869620703735188,9
-7.426096682448146,6.910883340662265,-6.178736635078448,1
-2.6001775629884203,-8.038257534255228,-7.201374777412719,9
-6.081326390666743,0.8204727058187467,3.029041966270942,7
1.069942700616524,4.317136118266154,6.085072023661559,5
-0.8107506268224212,4.008195030101191,-0.057937988418457,4
6.885804881998379,4.665979181422758,2.363860099141474,0
1.6857955554826685,3.390456286569539,0.01534710858982942,8
-0.5889203109958648,-6.511057280604784,0.47110112295900963,9
-1.5499530158441788,-2.183128935032021,-9.15928131814578,9
-0.8507196016481399,7.297059635991485,5.929057355376236,1
-4.9097160617460895,1.8582563188069223,0.5204092933695882,0
0.02484396576493536,7.643205811995836,-2.2123271588702247,5
0.48013148203136563,6.207178318519784,-10.605839635509145,2
2.875979484624809,1.274453634234206,1.5888408964540595,3
-6.561095088916476,-4.112832318689429,-3.9760805900388583,7
0.12465182261494041,3.178786749197754,8.39457751562477,8
-3.0376734881961616,-8.10323091592465,-7.475942098279211,9
-7.567438426142904,-6.673237473607587,3.2739550814526996,4
-3.360748004275943,2.1103561694006143,4.1040031474325405,0
-1.5403763079172919,-5.671636540633681,4.808335447722618,6
6.4670260466075185,1.7168980562781517,1.5416864758775881,3
2.4174890384933043,-6.41140199167127,-7.632159954614229,9
-4.387438418178814,-1.2428582603355793,-10.05451564993421,5
-0.7455114061895262,-8.240869660749741,8.982662671719973,2
7.371155331218279,-2.9212147448272625,4.667750948716439,1
3.6497804927397466,-1.1141746365874388,2.874501014572266,3
5.483385777595038,-0.05077143672563035,-2.162898510792829,1
-9.091664759391413,4.743442375989423,4.813320608995336,3
8.219765132537093,2.7329669887745696,-2.5153509381213452,6
4.851727694743088,-9.86200474137489,2.098540953770306,5
-4.444826791648934,-6.354233297502977,4.956266553902109,7
-4.395435829416787,4.3404415924212385,-3.1079321895314056,4
-0.022348580910750232,5.108293972942114,-6.414860865554261,2
-2.1529185728746207,-5.754515199457749,-10.383690999517214,2
6.145668515390636,2.800316827956635,-4.394391076460253,6
5.8872782366067185,7.049195799678985,6.00422331601942,3
-0.17307306018701554,1.8133701591005729,-5.598994183156676,2
5.07548429638601,3.5239101885068838,-1.2541589052236948,6
4.449157936601175,-4.620006597092993,4.481922559960811,5
3.5030611315062967,-10.235090916754796,-3.7748074184786975,4
5.788054364280305,4.007364643908616,6.999533147480726,8
4.0911239625986076,9.389982237583421,3.198059673971527,9
-10.726626221515861,0.6000366895653617,-2.705958518057138,7
3.540877698514389,0.20066129224109414,-4.02415458780083,1
1.602847134559803,-6.461699106593144,-10.06131770388851,3
1.267720501815378,-1.2284109515952975,9.363511080844209,0
-0.7295411991050709,5.694183683431335,8.834752901902254,3
-0.9213282352708765,3.8000085749164487,7.899043394883967,8
-9.54986545241462,-1.801882547895537,-1.3801048271993823,3
-0.42419378888656145,-4.961988295764893,-4.634842622593251,1
11.081123830139324,2.624504036794165,5.0491473445185635,9
9.236315493112723,-1.2596732885404862,7.787122462144094,3
9.46512809866866,1.4317429274453997,-4.500391826380976,4
-2.7359888865886157,0.3168741004451584,-8.184637427734891,4
-2.6149484009126933,8.066611572352153,-5.4184978840484606,6
-6.638181083237205,4.4627887995723095,0.24531613182483625,4
8.375329711405499,-2.0001853552334152,-8.031569171477642,2
2.986515399995046,8.712251879314072,-7.45273945112793,1
5.780914172863013,3.700313358724803,7.528471292777082,8
-9.600302478859424,-1.4536564243456924,-6.648114968950436,2
4.975134246694831,-9.425953194533014,2.950283495171724,5
1.9775624175665543,7.5553875265426695,2.9542790499384073,4
-1.5024549736364394,4.439495732635554,4.201020754127726,8
-4.447440738399378,-0.1992071560759342,8.949712419364213,8
-1.079004492410679,-0.21334451772018975,-7.66983613642069,4
9.393698974712958,1.4161153174172063,6.9549073700643635,0
-1.3102449890882664,-2.1611283905010525,9.072210409512461,0
0.5675844113637227,6.209935095552179,-10.61096463450914,2
-9.035297727946698,5.411332427199478,4.514751744321686,3
7.82074652594933,-4.41013336563922,0.9257316740990901,2
4.918551052699306,-1.1501565764397037,5.935369961597924,7
-9.412075576229128,4.0635255633381675,-6.187774285914073,7
-3.559263257464507,-1.965862034423836,-3.092614520666534,0
5.106967223749095,-3.9068242515939833,-5.870521296218155,8
-3.5319240996319685,-6.505871015470491,2.1622255066448006,7
0.1347397431185507,8.740790574997447,8.392245267577637,4
1.865777903355992,7.511636715231778,-2.4560972510633725,4
2.9161062482877353,2.2965152615351596,-9.213782587207634,7
6.262819266074585,-2.631051384180075,-2.714546458843487,9
6.894616371533098,8.181945988070442,2.2833688792121554,6
-1.659033240214928,-2.4405515212434055,-8.902299620235103,9
-7.770574457052934,7.19908731788558,-1.6554679834558046,0
-6.6524442373039,9.809899133246237,0.48832952182391903,9
-2.018163879599196,-6.94800835341981,7.295528185364001,8
4.052927751399119,0.5936393694444728,-7.327426602100049,0
5.932376975024446,-2.5688599259796683,-1.9547891473436034,4
-1.3117234859265057,-5.93736530050674,4.95269281205073,6
3.808916698878791,0.46042222283389345,-7.474930982834884,0
-2.5388347384956163,8.01789817874424,-4.950089225318809,6
7.133982309411853,2.809578948641078,1.732735161847995,3
5.199308930933667,-5.4130629701100785,4.866552468784461,5
9.695895677625622,-1.2766803817489563,-5.874206041124145,4
1.7971520162017667,3.60490012515117,-1.0736293120483535,8
0.5069537025468447,5.627166582078033,1.8738678332869843,3
-6.015403076346771,-1.2977495192301227,-2.9801392624362957,3
-4.435133067595033,-1.8308939198942622,-4.931576917458106,9
-9.894382672759301,2.659853769251067,-0.5377080371246135,3
6.077830417516692,7.081553448047582,5.878244556368284,3
5.994134853455094,6.634870067962485,-2.1403497062935917,3
-7.117072928186363,-4.048487191244267,-3.6709066340446914,7
-7.861100534326577,-6.182223267070792,-5.460713401189033,8
-2.223996549257939,-2.9038816286696028,8.352376361563378,0
5.664756330383242,7.008970257433871,6.153707815691505,8
-0.6227221695345887,2.5298521460036723,-6.944212747265511,2
1.4658070448779974,6.545854796732871,-7.465545274335319,1
-1.516647289190677,-2.211500475495462,-0.5604968729594537,7
-2.795351504189748,3.822789759255684,-6.454018636002266,0
6.599387305399506,-7.238729239844407,-5.874732196860383,6
-2.435399291391986,-4.377718881287188,-2.4072463399738684,5
-0.7426455657116788,3.1880947314202395,-0.5268928029845016,4
3.217683469058484,0.8447392755639656,1.22167833948803,3
-0.2494870818932134,5.554430445015151,2.609280568442929,8
-1.2849399686090068,2.893908511996656,-4.799467611834742,0
1.5647094760736922,-6.994937330946678,9.353645542441223,9
-2.717749804160376,8.114661894890354,-5.907986401642513,6
7.089475100286572,2.808024014856466,1.7536440231951536,3
-2.0152666353731767,-6.648161689118253,7.496365358296155,8
-5.080410792039408,1.5202085250723834,0.3031573808890857,0
6.03325998216159,-2.5440159592346623,-2.493590923427034,9
-1.881692654812125,9.104105316421219,-0.7552512515537376,9
-2.8496073377065616,-8.416872275816136,-0.3349869458956139,6
5.6691377220479735,4.277435143006037,6.730368450442425,8
6.641902569483443,8.334236105639784,2.5457647774386807,6
-2.016694709114921,-6.821041828340671,7.380773441386277,8
1.4533024622350055,10.757870454201992,-1.5926558352743003,5
-4.24069109235357,4.359383904566237,-3.4440968232990428,7
-4.342360948315416,-0.6466703936189294,6.230304097205677,8
7.275155498433769,-7.077860544670327,-5.0790431184568705,6
-6.723204493770937,-3.499112166153598,6.472275240463408,0
-4.797920726787369,5.8900759099623015,6.7289576292037365,2
-2.8613341806390507,-10.99100803430612,3.230711132704453,4
-0.22835206823454035,-1.3985260946494584,9.90190089384078,0
-2.274813432281506,-5.6804009536209845,-10.421438831975923,2
3.545162371856092,0.20407235190057615,-4.0279782317358865,2
-4.733324496802935,4.9736680823508,3.97984856470484,3
3.542491193225078,0.2027133997675986,-4.025517299667625,1
1.5154811733549078,-6.119921634220995,3.273272609096875,9
-2.2431702458021268,1.9985030451867811,9.636188249180277,7
-0.22310491122373216,7.775099051183049,-2.019568150022988,5
1.6576793456621628,-5.4289410226300685,-1.1269583190211336,1
3.4673042190007366,4.743703932177706,-5.9697773813236426,0
-5.862228129441672,2.1773480270800922,-10.119819973063212,8
1.0397778188472968,-0.20614728515766798,12.033954691782137,4
-2.4542751549774624,-8.885493801359209,-1.5991292504201016,6
-7.266977082678262,-1.688409756736651,-8.856330534267128,2
2.483877290209953,-9.217706777921096,4.3842919752272875,6
-4.25794711125273,-5.460239810543684,1.3440407820068303,7
-6.466750625478398,9.91877165102977,0.4598080281156154,9
1.5154352447213588,-6.120007210996314,3.27328313485314,3
0.19102619959113543,1.9286570764157118,-5.8619774161797515,2
-3.18375617752716,-8.003586496114972,-7.747057606895265,9
5.490547443601844,-5.904422579006014,-0.8353638128574387,8
-2.6284265594936227,-4.609187370637663,10.639045006226294,2
-6.245539087174266,4.738471560668667,-8.219821126367412,2
3.864787093011602,-8.367734401692118,8.109610557446429,9
-3.8441277145156434,-1.9511645729415652,1.1797929237521805,2
-0.9928247215773518,0.9721172835134028,3.0764728488362594,7
-9.508960706578714,-2.0267636858914106,-1.3335424122509587,3
1.316187544348853,4.403011429488379,6.2482682274169346,5
3.0302553916907877,-10.513159766499985,-3.5381494878015385,9
1.3231590348762479,6.261054242039671,-7.888269905888408,1
-6.973898679070223,-7.082614375655889,-5.763839399547214,8
-4.739440379979747,2.1187309999888604,0.6126634743267525,0
0.26171090873554326,4.857055988649125,-6.363607228086213,2
8.566171983711426,1.5195120036263807,2.2104826715590162,0
-9.821526556598219,-3.7065749384134987,2.5674616570605617,5
1.3061903146048648,-3.221533899348396,3.0701669755680983,2
1.540661089270579,6.708993948409868,-7.184506301471309,1
-6.35055629396906,-4.8005917150763056,-7.7776663149920235,3
-1.1376847784300517,-1.9456462429677133,-1.1708457783400037,7
0.01273086308362438,-3.1500791529262875,7.5893795502036,6
-10.86837089391753,-1.9456376968798204,4.618400143604004,7
2.052695042561817,-5.570698776614998,7.026687053813793,1
8.352125070899442,-2.0672673204192025,-8.028288751786308,2
3.311298174784817,-8.848741915938827,-0.9798990148593232,5
-8.731015123400505,0.1300879022238386,0.7789628463864784,8
-6.07496391977104,-3.9535593017412634,6.482080385113184,0
7.179490490801285,1.8096912174875892,0.9164066081006325,3
-4.267013616107989,-2.3529991722789503,-5.75076982016441,7
2.653473248745182,2.4169937281947758,-9.323408343971348,2
1.0961717056607676,-0.1621872174022663,12.017463132255271,4
9.717098539427424,-6.180584400960283,-1.9119872303008256,0
-6.728283668880965,-8.850496616127645,-0.6598610933656001,9
9.456270930118215,-4.223865183502511,4.461846383925125,1
5.989434331112469,6.440919453860854,-2.3771522353929684,8
-7.65806065114133,-1.1986842603618206,-5.854446737606191,6
-1.7937912195898345,-2.7486544976902696,-8.598351948999396,7
-9.886569028083612,-4.0729297659877925,-4.047721474736775,7
-1.037378305041757,3.9574557373145587,-0.03163998619282411,4
-4.666094035837346,5.919119212505886,4.244378683147285,3
-3.4188375932785284,4.741949531481834,-3.620479726850771,4
2.539068998789746,-6.143487841439514,-7.881795804024676,9
3.699989823131492,6.903453540809445,-0.08598071319105781,1
-4.391621074849258,-8.124252919980306,-4.117387360054935,9
-9.26334104092391,4.16832819488735,3.8722181238581803,5
9.486124738585687,-3.9972774073612047,4.629828392646124,1
-4.449679002380728,-5.243989404870396,1.0186603155515586,7
0.469904328135054,5.37479866633676,2.9643562120758014,3
2.054531982998001,-7.336380486346666,-6.793210612512121,9
5.221490945496692,0.33981038962063204,5.5922047300624,7
7.8879502333065545,7.76178013263446,2.1307813614878373,6
3.8482042694604646,-8.407959473508955,8.062206041801597,9
-0.49393472549235146,-0.5413442088571434,0.49249999715206605,1
-0.9849532871331429,-5.143449568871971,-0.6885894291168758,3
0.6706363699553868,5.338208503899122,-8.837163009757322,7
5.591739320542441,4.253472471452344,6.746532360910657,8
2.4733175571217747,-1.1919372262277952,3.293003970685339,3
-3.8659283079851408,-0.05185320368136188,8.426246437221316,3
7.928778817761339,2.243145025123199,-2.6251905484853255,6
11.456837209596852,0.030150799567263017,1.269198969182961,7
-4.371860765193728,2.213104006979711,-3.459783769908358,2
-1.8343857740795695,-7.7175653279483125,-7.53293396782456,8
6.377700628923105,5.132824297834167,-5.463288726009018,5
3.3689617753450505,6.70226836583733,8.89807936607369,8
2.880239343159904,2.1321928499698126,-1.6746450544739282,5
3.5309399971880824,6.991368045175722,0.17771863394764073,1
2.972832468149832,-4.844055204239995,7.24867438115534,1
-5.444544603592864,2.5905386120633898,-6.601964545407406,4
7.302719592007908,3.5701484065755547,-7.827686395766042,4
-4.645220946858672,6.2531546002490845,4.370379458414626,3
1.5777628532869383,-4.668041680935746,-1.1511466546145277,1
4.951523877236288,-0.4203679752093585,8.358419451498984,0
-1.8635959183941846,1.988468625702339,8.281765294292393,7
-1.718062770914644,-2.3910770167552764,-0.15994078874051298,7
-0.24352373941270594,12.069984077656914,2.4259523059739045,0
-5.140755853553886,-8.368936385334118,-0.4850023208100909,7
1.188322836797389,-5.9208708791646885,3.3234494177218576,9
2.7861491299061827,-10.67719343945399,-3.355977292511707,4
-0.16703703206039222,-12.15307841518506,0.6350295695556543,4
3.7106737300742827,-3.173511422489783,-10.0405583419211,8
-10.030085769996768,2.7619851545603358,-0.7869744533582301,5
6.493482579463304,-5.63775336773063,8.451727550106446,5
9.818802527849721,-1.1987031734771934,-5.668281174707752,4
-6.3726933864408295,-3.746900520439478,6.473862825587592,0
3.9685030108437935,-8.061914374866491,-1.3847809294677704,8
1.875327936261774,9.56183025483622,5.10864333471207,2
-6.933145368094515,-1.761613175222141,2.5173088513883384,1
-5.221710534354347,1.2322079267778236,0.11820796069198813,0
-5.7681025039293825,2.4748595716937554,-10.075760060323178,8
2.1735986348889704,7.407984122583753,-2.2689723905689196,4
-3.5395222749769917,-5.241147278451281,-2.5803587072807175,5
-6.972042152630071,-3.5368012623695866,6.357142655440707,0
-3.0149302490704613,10.042650327649465,5.355037878394423,4
8.579107800696454,0.6516604146682742,2.062957508282323,0
0.08342862733291904,10.055294904538643,1.762034031447279,6
-0.3764623325910826,7.1592902486976016,5.981069362074664,1
-0.46820250094094057,0.7028704379216963,3.919173916995188,7
-4.06914464751009,-0.09319733142125997,8.617118917751336,3
-5.306855964298782,5.295288449067419,6.482232162809704,2
8.498550334913626,-6.272767398214035,4.731338557049521,6
-1.2687150741255542,0.7865485626203431,3.3693163216306328,7
-0.7498686625277275,-8.24084283865304,9.024016112387663,2
7.211235299364375,7.999542965711414,1.992035161712044,6
-2.340719767450516,8.833699853945143,-0.975087440728516,9
-9.1188705656167,4.893920527218108,4.499272512324415,3
0.2956506743572026,-1.9123373242463229,-0.0009056441809157309,1
-5.268358818877669,5.9820652128644785,0.8450996400836144,4
2.046474563750415,-9.692103327460616,6.1732449581179045,6
-6.44586420750099,-2.5781333528217276,-9.50664050109651,2
0.7384741891778169,-3.587726438319372,8.964240534770601,5
0.4662757766970228,-5.46880086377802,3.4136224902738603,4
-5.10672168056454,5.4838724741530935,6.566887174428027,2
3.9609144450507494,-5.135078199711437,9.653573635149982,0
-2.00207066431926,-5.083347264502847,4.536289363352982,6
7.87567436088586,-4.34107713338094,1.091935749352819,2
-0.9310397064478053,5.225438742936761,-3.343886300305922,1
3.248043424759655,2.182634433364926,-9.095980389612944,7
6.302698295616389,7.117663781981844,5.732119348058567,3
9.900945224077066,-1.1503800313811765,-5.530084364178052,4
3.1274766930924716,9.11275995845684,-6.614315916120392,1
-1.9852074603947847,3.2122428384364174,-5.490274225249721,0
9.128446291426698,6.298640986875243,-3.4315545403307506,5
-8.080193290980176,-5.6038767739829085,1.532900608532056,4
3.088564536144202,-1.1439218241065103,3.0783498414418724,3
3.629035152673833,6.939566018695288,0.026792755278210574,1
-0.0614637573853103,-9.38639550044004,1.2653263188394903,1
4.811199781798041,-0.5901426823616691,5.215354093608953,7
-7.618496467055684,-6.039579276870997,2.2704232444497987,4
6.016140550544529,-10.576219694552433,-1.898951469561078,9
1.1781480278805256,-6.696552619988941,9.634085646397967,9
-4.947841633373,8.365395904882451,-4.941797660370717,4
-9.009598262462358,-0.4293161922632295,0.3692373486594559,8
-5.530692469549271,5.656169179536166,0.7264579589485063,4
-7.844681517940343,7.152033834322378,-1.5534091915642896,0
-0.5940663852982337,2.2918926388468353,-6.491637795419414,2
-7.20360634342519,-6.085610652481672,1.921372285976528,4
2.9969316008567013,-5.464159388745899,3.9736023514979406,5
0.36150489710454614,3.8543298474267282,4.497260093203503,1
-0.595082038192188,-4.424630261446508,-4.717015802889553,1
0.35850876687704264,-3.3911681004052845,8.210092508519732,6
0.6111236160223612,9.371565808523025,-5.753677438831078,4
-1.6217314127799682,0.13388082573746668,3.94374934014048,7
-9.571873069696819,3.8104607905408288,-6.122203332134774,1
-7.082099834952351,4.388472082479459,-2.6815907862709523,9
3.9936962476827835,9.582120180387081,2.6820919857550227,4
-4.137420406757902,-1.141988015803107,0.684194988092707,2
0.08372121166464606,-3.096887715437436,-11.149255274480641,4
1.3966993141988169,-3.612317258572094,-1.3949146508612686,1
-0.6406882544491102,-3.678611746944972,5.608123490476987,5
2.881272961202596,2.7484556803777167,-1.6738445830618671,5
4.800057280327392,-0.6681982324371115,0.08101641863350426,3
-0.5637782277610666,-10.114999558599951,-5.006663787486344,8
1.467461685966641,-6.519884537967225,-10.024155835680107,3
1.924393055973945,-2.023624026069374,6.346863075268907,1
0.0639886763645761,-3.123751457556223,-11.157271671065208,4
9.327083734161542,6.286192893352832,-2.8601712090722877,5
-2.495411030998461,7.974209501551402,-4.5659023891646235,6
5.629003866033054,-6.479292554138846,-1.491758600562817,8
-9.847564319079698,7.06211726136176,0.607824339551484,9
-3.219657091471049,0.3610230454970505,-8.228875398271528,4
-0.016415095609059332,-3.548191304401002,-4.9197257749622025,1
-1.6597402675224289,9.38513978917062,-0.693628555951867,5
5.6868122969592605,1.1494483001053213,1.8218979798920973,3
5.369075829004059,-5.095207321853595,-0.5060933357770319,8
9.332558511208129,1.6008417294885584,7.063356071663489,0
9.260828996405875,-1.207917622440341,7.779585290641282,3
-9.667629714009694,-1.4586056818109596,-6.516532717866004,2
0.2988862118529586,-9.019169511013425,2.045870991279594,5
1.410441279683926,-4.200393437974078,-1.0009422396327488,1
5.09492256071444,-3.960497483973224,1.9876734512342666,2
3.5319859737953165,0.31688344646787864,-7.649092658796833,8
0.5526906439004081,5.766243874384486,1.5618464946393724,3
0.7297842805920912,9.59198558163315,-5.488123448757766,4
-5.266001628469309,5.979600428540664,0.8467602724450844,4
-2.435746452295033,-3.2854708924394807,8.268216390265884,0
3.448360849897057,-3.0396137943583192,-9.86990700248479,8
4.463893317998555,-7.483190473341189,-2.0850599087924864,8
7.865437830577071,2.795542782959578,3.4912547407866685,3
0.3224474825938822,5.571586029523854,2.179152679092863,3
10.931677433833263,-1.190843855708042,-3.211028205836426,1
0.07653494203334499,-1.8924552251677402,-2.4244857808687805,7
-9.767792078425932,2.566584670501931,-0.31090522526798986,3
-5.740043752274436,3.1561319464968256,8.229549974958063,5
6.1687224878664875,-10.464846626516863,-2.0071280662743214,9
-2.5599207095789707,-8.714544187486473,-1.2188392022907109,6
-5.706748702430013,9.006685890004622,2.7990175302894023,3
-4.488184265796238,6.296297502559803,6.900087896383157,2
1.965729045322899,-9.707400976191053,6.153760936618133,6
1.1479789494196753,-2.624911502345967,-0.5343713722031966,1
4.294497249999107,-0.38731506794106846,0.32126639758769476,3
-7.011233753498561,3.925794158443397,3.657922088378684,6
-0.6768264762567218,-1.8269732203825755,9.28675699910246,0
9.431866443672288,-3.7376646500429733,-2.12837426897489,7
-1.699095493397669,0.9575578998173372,-3.909839814566963,2
3.069532360533774,8.948625080696232,-6.968162169079038,1
-10.777748870952925,-1.8944785277300806,4.721701425381235,7
-0.35586752747494743,-3.9789521605257168,-4.825445698805886,1
-3.8751484750082135,4.857692211526431,-3.856488205466675,4
-6.8848871971490775,-2.112531027156977,-9.146348522797725,2
-3.032875533830153,4.844874378737115,-3.6452415012853416,4
-7.667936472915379,-5.682986674536099,2.4163717941013854,2
7.575210430603582,-2.5938265419626685,3.846529126503606,1
-5.922686028695844,-5.315701443025138,8.360203321652541,7
-4.339942159197966,-2.1176623453829304,-5.390367361469641,9
-5.150135031445354,6.02981779707509,9.358749856687494,6
-1.0768408643403409,7.359034805485143,5.9086331064991935,1
-11.115945704387093,2.7879710399471334,2.4753142527809553,1
0.8960264135670615,-0.14485103964075904,-11.785760351490008,2
-2.6180850676313523,8.696843760004196,-1.1715953453258474,4
6.679223134713567,2.638094635032245,8.100341478765086,8
-1.152236017309696,5.295137983203856,-3.1028984811024864,1
-6.011213480687922,0.668007736218403,3.112419502775836,7
4.790345150266246,-0.6702501965610842,5.820693604105434,7
-5.913099210670822,5.187864637933355,0.5593978416786644,4
-0.11386098571436726,0.7089620448533364,4.171691224939021,8
5.356198729885952,-0.7730567663810994,8.182066648722722,0
1.3776980972709874,2.836160316332788,11.228442296822577,7
2.547301760401846,-0.8781368157474594,3.4342823616882754,3
5.246194820941991,-0.026540667602970733,-2.376605487953344,1
2.6429579884142367,1.5684264974965176,1.852756365881166,3
-6.633889753530908,-1.6308885854642667,3.8817927362777027,1
-3.070606650620644,2.0433409773152853,4.579620216128515,0
-5.101871059209952,-8.155011420232217,-0.5547600218690871,7
-4.540490999680778,4.121007705868207,-3.4385272857579565,7
-2.2564823811372623,3.3767405368457055,-5.795665582204122,0
1.836319149153511,-1.3673258095095024,3.443801586219385,3
0.5915002121386835,4.154798020621195,5.786159280385623,5
-5.889636213480563,-1.030651558217834,-2.652260882357059,5
-1.4535445726470366,1.0583155462098106,-4.296726570502859,2
3.5174938855333995,2.1132593610058805,-9.01133710620426,7
2.727688340484517,-9.074103259968227,4.655973912241291,6
0.3876063662292907,10.085558702029504,1.8800571733178504,6
-2.937948935192019,-8.163789425867792,-7.1181154638910575,9
-2.097668252153137,0.3560125136163983,-3.8254716487039513,2
-8.590262604230324,0.15278438726040283,0.5713794003992188,8
-9.116109919274543,4.800017686548802,4.727373801731861,3
-7.083363175315209,-3.437495977296624,-1.4940206057940952,5
0.8923525527238727,0.039279252779823054,-11.772644121134936,2
8.057771390999042,7.1693589666016635,-5.983148808408187,2
4.792100200375123,-5.186291520015199,4.674657290602841,5
8.449348562079795,3.0963869458169824,-2.425894855821877,6
5.107473280712571,-0.9990793596955236,8.399087184230236,0
1.820950288525252,3.702724397666986,-1.2430005092423315,8
7.130848924364087,4.778767506604252,-1.5664398905207748,2
-5.054524762889163,8.070900126113292,-4.918772625274249,9
-1.8122044718748145,0.6816304287433562,-4.01473420460031,2
-0.6143045649868433,3.0346977499761163,-10.758503847588583,8
1.2625203532298506,9.402437513916482,4.838737657342957,8
5.055695677427791,-6.589943901573288,-1.5874342072272285,8
-7.0298121722981515,-6.931414199498012,-5.551596113225602,8
-4.607486180597096,-6.338934046960851,4.718874138795857,7
-2.63694591881166,8.706557082774184,-1.145099052397791,4
5.902003330729431,-10.656995431303768,-1.8201518044042195,9
-0.1072934767718876,0.7179605127013604,4.162367321462931,3
4.232794191626005,0.7620820334988148,-7.165585513610262,0
-2.453082198156132,-8.885028760818447,-1.599036331549821,6
0.65800031514098,10.126040525623472,1.9896024045020655,6
-4.319846192098514,-0.6470187323879384,6.226233139310966,3
-0.5935078129085808,1.9978415668542848,-5.9264931720506535,2
11.393689314240392,2.5178089809927524,-2.6837797892920223,1
-0.2748609085969408,-4.846232523005231,-0.691827506927554,3
-1.6064142993414705,-5.9097492780528205,-6.413625837559602,2
5.279040048024846,-0.4556514249090368,10.902526242980466,2
-10.112713306149441,2.451467351137841,5.560328165240371,9
0.7790203776162442,5.2824262113182465,3.2276230493014566,3
8.025410507482016,4.184283150286428,2.1929755947383818,0
-0.3838373399854241,12.07869746287762,2.234065421772561,0
-4.556483719533605,-5.45286915591679,-9.119805153422385,5
-6.084817211674414,-5.53917406736887,8.143175951820462,7
4.216452763034453,-7.83707414466833,-1.9344893802452265,8
11.49633280787413,2.6039876751056865,-2.3752085896380564,1
1.7407345332077246,7.289386090278025,-2.3407597921049863,4
-0.629120671793541,2.827400134177147,-0.7402847866004615,4
6.227446823115833,-7.333071002117778,-6.316589747403465,6
-0.44502053110417994,-1.3391695862849429,10.245145265305615,0
5.286889681708377,-0.36975020330304725,10.902509126980474,2
-0.6771628432938513,-6.560988029921946,0.5467327046530657,9
-0.17810077696629437,3.9912838954108167,4.433891969304443,1
2.0508596737548124,-1.3776860422414383,0.7335197895812385,4
-0.9841398330120394,1.2122068648226447,2.6755363176323033,7
0.6786014237912309,9.498635730884475,-5.599743159144647,4
4.940813052613581,-0.9391157615934212,4.905775135186918,7
-0.7411188969124959,5.6661688441180855,8.739149989999655,3
-1.955587202963086,8.319275722358183,3.007795667134201,9
6.227922766790021,3.322761581703071,7.609134179188658,8
-9.107593928032044,0.35016118742392127,6.1455773935435305,8
-2.3762351296996105,0.4812569567231043,-8.338869155427485,4
-5.172408202843669,-8.525784305981244,-0.4360278661484256,7
2.0552265112820134,-2.0040425242420294,6.383496895545223,1
1.1943516434556167,-3.47606176672262,2.696233943379253,2
-6.903649202038254,1.4743309404977982,-1.9766339224665401,1
0.9888113196322155,-0.5373677253366347,-3.6780432517908586,2
6.979623253221529,-0.24585168375001856,9.225798133487192,2
6.012059407674605,1.3868104625922268,1.6624304061050148,3
-4.462750159466317,-5.230948570668461,1.0365371855112941,2
7.3606498637196465,1.5524555882344004,0.4586733909488593,3
8.574243285955387,1.52250668891531,2.207598499148557,2
-5.591981453483786,9.024534911137511,2.700491880819889,3
4.989870880746973,9.095871653921241,-0.2925234573486234,9
-6.876874221876923,1.516278580171045,-1.9489221088682893,1
-2.19553507091302,1.9983838543335226,9.175050197449247,7
-0.8667725402026318,3.625978406202785,-0.2560439858253314,4
-6.923446697577553,-3.2642065160834273,6.520930880313904,0
4.062076211421579,-0.07015005329461202,0.498714803896888,3
-7.0452901258923095,-3.4508442098017906,-1.460982553646617,5
5.856858092961561,7.7696557754289115,-7.322411092958638,5
-9.96944676011078,-3.7001320514271034,1.9659897805668063,8
7.2783848229106,7.934974802111753,1.6732415057192391,6
7.873773429159407,2.796620252646791,3.487726094920125,3
1.0660977454723979,2.790725555000517,11.38292794988828,2
7.256325343357924,0.9905378724571747,-2.9864426691770762,6
-6.21745982618738,-4.161756726530999,-4.1734887528688205,7
-0.12333383419390606,10.043471428158886,1.6851336892097513,6
-9.244495544859777,-7.702083527576085,0.9383508094609564,6
8.96367148984181,3.839013622877946,-2.184233718354089,3
-4.208881584090319,6.662533204986701,7.073751177999536,2
5.996300194335686,0.8886181010492166,5.49491253323085,7
-3.8127051083971777,-1.8678120984017412,-3.43435581570804,8
-1.0899639920972477,-0.5581645432770836,1.0966139845791505,1
3.7160720046202824,-4.783609915702046,7.114960056090472,1
-4.537942289107483,4.117263194086977,-3.4428272156666533,7
0.31212177401876395,-12.136946188004128,0.810363422168053,5
5.520158320858351,3.2419981227502057,-2.8013881598674506,6
1.986336326198184,-1.4375566594679674,0.8233786832314557,4
-6.844888297149932,-8.136086626882072,-1.1116763007435073,9
-9.882415444752557,-3.7027490936950915,2.3244947271190752,5
1.1438251398304435,5.7480373793211745,-8.581386850034903,1
3.573311535888726,0.1551399738025529,0.5713890737461886,3
-1.326777807823483,-5.284739631454287,-0.6627491216362879,3
-7.063247601624616,9.445230027704794,-3.267792298997624,4
-2.269377609476389,1.9506567536108526,7.600395264809827,7
-7.6590930110226605,-6.3855123552983,-5.500081637093187,8
3.488139340159614,-10.174250690656812,-3.9612470761023846,9
-1.1586458581845085,7.403360240035522,5.891938387739119,1
-0.6021301935459004,4.117329039664853,4.375458716297628,1
-2.870795199202172,1.989553190329605,4.8281241212647545,6
1.4099019622113242,-6.87463743779552,9.467477518912728,9
-6.854708405543067,-1.7456891230911598,2.900978005841989,1
-7.567711795523996,-6.671681294565184,3.2749097262303106,4
7.287835595601038,3.6238433215536774,-7.801673679437394,4
-4.566834814408266,-5.32330511471041,-9.170363348034392,5
-1.5320242823141161,-0.017014855180484005,-7.862624278636088,4
3.90206854494444,-5.023334116160972,9.753271741122672,0
-10.738898918656522,4.423869845919393,-2.0288165400045335,6
1.5479283717613301,9.37915562000762,4.972164492887647,2
-9.450972774939528,2.342287522962797,0.2447986486298096,2
-4.242529440048906,-0.13688421179299143,8.773856800753586,3
-1.6811354141634367,5.458354728165016,-2.472930431046556,1
4.912447040284881,-9.588234905676225,2.6125466897392693,5
1.1686085213304511,-3.439458857032758,-0.8599553034460148,1
4.908407763561741,-4.42133672788468,1.8480972364177595,2
-1.6180878626090185,3.03416287718294,-5.110700265621824,0
-5.944962295465239,1.9097552094598305,-10.161170373333878,3
6.009515109331378,3.6320557128238815,7.368745400678399,8
1.8509090479420418,-1.8855233620103176,6.347000580901728,1
-6.64859317670749,-2.3665724445539107,-9.337177321617657,2
7.428544727335709,1.3311690721684795,-2.8642251643801324,6
3.828698859656159,2.0531187475128685,-8.921389910627504,7
-0.39147868372108885,-9.451507160057716,1.1188156851967652,1
-8.016398491537128,5.190674615153381,2.3362162534975086,6
0.9790348370236888,-0.7483714480244614,-4.063844750343725,2
4.253422363379315,-5.23288538579801,-2.2211282935463497,3
5.813922441988481,-2.3056653180235314,-3.217541454733755,9
-3.4154620380838843,2.1524161446595524,4.175043786624427,0
1.5686795474121165,-4.885041234007832,-1.0805591800507772,1
7.670344035772757,-4.350365085534398,0.7305873910806352,2
-2.162214453374415,-5.64809608699003,-6.274057591564898,2
5.1113265130195895,-0.7314279333547378,8.329847831063033,0
-10.044817824128579,-3.702005156566426,1.6454117638234589,8
