-4.989528864404477,4.442544245071637,4.160762940597329,7
3.502563093308994,-6.601211292446,3.6980116349035526,2
-1.342298064871892,-6.897859939306743,4.733351359283423,1
13.570985725392998,5.701447848960379,-3.6750223387638346,0
-10.059475276489092,5.129679082963737,2.0573636974464993,4
-0.9350502581979934,-7.323541439361983,4.335836302830305,1
-8.622351988322254,5.219903911048157,3.7043208372661747,4
-10.37871743337249,5.591487520772498,2.2799635759483,9
-9.747553765286002,5.456649842934925,3.1636177471102753,5
-2.0072401011135503,3.1483434286035274,5.725728646871335,9
13.637881624631625,5.509666136077635,-4.367339102526905,0
9.423021587528135,1.5983817542717182,8.726986169059371,6
-8.204845476097972,6.519414938471309,3.407666226010084,9
12.465953356906983,5.743547309477343,-4.354333548676351,0
-1.9343135133078622,-8.445817373153824,3.0298482053872475,1
3.4576576926083775,-0.7518034336048346,-8.940296107739192,5
-9.853698533010625,5.203943959948084,3.2158609488224226,9
-5.872587626072153,3.6446863267118395,3.8252580490996335,7
1.827846586650844,-0.6731453182558158,-8.625302386122963,3
-9.665544378746414,5.915865807973616,3.02580376182922,4
-2.5441294556304097,2.370344789148304,3.137451203450195,9
9.76910702602774,0.9726559546597022,7.510927297756304,6
10.764473605080019,1.2595914275467381,8.797973379397632,6
2.2844260025684373,-1.5260649806966375,-7.694929626137163,5
-9.920255667581001,4.982223221711413,2.1901318836661967,4
13.446982920567738,4.467025881257713,-4.633791866492413,0
-5.583708255645919,5.150799402287612,4.1736582197500836,7
-9.493683150907726,6.126261137162683,2.652337151410279,4
12.087609513505612,5.663059864798343,-4.7364375344973215,0
-2.916988467109166,-8.6268201346538,1.8406162393586185,1
2.124138803041224,-1.3233075675913357,-8.145184099794093,3
-3.0331725736505972,-8.915358290268427,2.1011930894089996,1
3.3738174708694424,1.5667926665705592,-7.4921309700101455,3
9.925769374063458,2.259691205807552,8.584231655708582,4
-3.3527392023877582,1.7192722517684897,4.442092681632893,7
4.467854695596533,-6.5965273297368405,4.351654362939733,2
-5.617529874982825,4.584708844976996,3.975043990537655,7
-2.493542465051059,-8.865773822726306,1.9205040899582733,1
3.523066284959756,-6.788335513098276,3.851847819630813,2
-2.238653270572108,-8.283434064682577,3.1956158897196336,1
-1.2140841140449052,-8.154587457912424,3.1046410804975144,1
-5.095837417653743,4.4752466440380365,3.7416558281024463,7
-9.860952140854481,4.354141018123241,2.5510572525139668,4
0.8990773767851303,-7.701797670156896,3.6202892703847196,2
2.2653177781688267,-1.1121709915203684,-7.771090589580507,3
2.063605235520855,-1.124695540378788,-8.15741635913907,5
-2.9545570773602523,-9.441674471849264,1.2481169357326363,1
4.447548855528928,-6.625447640858271,3.898835879477697,2
-10.575677615512417,5.83803497830623,2.542503733039511,4
-9.542245922098594,5.202737521804468,1.709761545609744,4
8.445694274018557,1.3563118901738394,6.223579053862671,6
3.288203144945977,-1.8943184784534277,-7.6423081104933575,3
1.9347353605687794,-0.9112524303123768,-7.6661124823148885,5
1.2236935977969758,-1.6214479238281396,-9.610456764233996,5
10.104629241624043,2.2644174706816784,8.510259947040854,6
12.666150762420125,5.260523630134335,-5.595989739395658,0
-10.695407109197692,5.9542666451175865,0.2200983778884229,4
1.0133035233322614,-7.700754132896959,4.187136944737622,1
-9.921523004508739,5.62806462279456,2.6508295469372993,9
-2.6307127447629686,-0.2993545734783932,4.9183990460607685,5
-5.407079639980566,4.726617104036092,4.863949745946043,7
-2.191365974665617,1.869662173111549,4.7728134340534965,8
-9.425673696086722,5.076052440195233,2.6058133365657863,9
4.3792582085914065,-6.712938410001353,4.052692678784587,3
-2.644629371761621,2.911211294685667,4.684298591858101,7
-8.697636984274315,6.352520265823942,3.3321263184730148,4
10.893808455478544,1.7878585389286594,10.181292043182603,6
-8.814001379892392,6.040349105490965,1.42300780013189,4
2.0810128552799148,-1.265011896605935,-8.067336643733226,3
13.620052382046463,5.223435712195975,-4.042460700407104,0
-3.76930111620774,5.8456255692098384,5.30486940877362,7
13.571166539201778,6.053968876717644,-3.382740663038839,0
4.814416804213309,-6.498441372899916,4.167750442775164,2
-1.4314844544316645,2.3538558321872394,3.8411749748406163,9
-1.6557348970197436,-8.330862426316736,2.701977864785005,1
-5.076104655012849,4.730840292200191,3.6771931482933202,7
2.3259763941705525,-1.3334687152181004,-8.515507458179213,3
3.8084434317333864,-6.9931170076041145,4.119165593108297,2
-2.564899451330905,3.384377162524504,4.049161840195955,9
-3.2233592995670435,3.2151985413322817,4.825155117715623,7
-10.679482677937262,5.51374627850898,2.251732626814832,7
10.043962874514591,1.6634944932122069,6.564065082806216,6
5.348352048668364,-7.300029595953651,3.510247597523805,2
-5.417956151343215,5.313201357632246,5.440574456312248,7
1.6310835471466192,-0.48794855891234235,-7.985486987043407,8
-9.398894773920162,4.369931375209655,2.1968788877622782,4
-3.915920317217589,2.9551771149317387,5.073409591701425,7
2.530842085295068,-0.9138078042281393,-8.70940835709089,3
11.85238348627949,3.5791857321335128,8.073362939949439,6
0.1109884634728836,-7.484732068990317,3.5096088679682422,1
1.3063478494261056,-1.7909651546562126,-9.243310806043088,3
10.994391283340986,2.3891061142248313,7.924218156406395,6
-1.3090219083039099,2.1955909680669277,4.3608998350303665,9
1.9597278865748817,-1.2709490528277394,-7.996348526610303,3
-3.2106978178649386,-8.997508148346428,1.8078809157386762,1
-10.227177053909527,4.847652131527268,2.8750407366138093,4
-3.464269392840057,-9.135841829601869,2.0771596906298706,1
-4.767667291675262,5.291050612082064,4.630746386853236,7
10.81035741245697,0.32324790674755177,7.394533126847505,6
-10.04834399080815,3.606465258128824,3.672739879326244,9
9.369606825884503,1.9745291006830223,9.399156476990573,6
12.992520912039842,6.897104520941969,-3.129434234039996,0
1.6892545819070817,-1.0234776958877478,-8.65872354492996,5
-10.42518766698212,6.3353256120260895,2.0952433357465567,4
-10.366208838808042,5.576296165607155,2.789281782428126,9
-9.260458721246701,4.74898561623565,2.422302379772527,9
4.786224471416062,-6.572600546325233,4.606748206500606,2
1.4440033935596177,-7.106182957213248,3.6856325054033543,1
-10.110370536651835,5.710451558229143,2.2385840146305234,9
-8.400884633219762,5.564091772987634,2.5823550401487294,4
2.1836905311995554,-1.0331349916265715,-7.807352939209991,8
-4.805618008527588,4.881476183744564,5.539132640011496,7
2.3758942652745536,-1.0511000138941209,-7.907213283919466,3
-9.362890561327974,5.599326206115353,3.9725219608134186,9
-4.1390896190441095,4.390271764379166,3.527005476095208,7
-8.411743190730094,5.653599920131585,3.1073892336873694,4
-8.226576386760632,4.635214745173064,3.143482823807124,4
-10.521081192835048,5.904173315724162,2.37016409558005,4
-11.719869189320848,2.469575352436318,4.689175748389184,9
-0.1437553037213143,3.848174188531932,-0.22316850348353562,2
0.011787620233718599,-1.3263787660341795,-8.698524229423814,5
-2.152728985019426,1.564896614662228,4.418957695564881,4
-5.614667746587262,4.524665544494568,5.3202188032523345,7
9.40157023416987,1.7044539206550806,7.7261955572312795,6
-9.714462092337813,5.494114650253068,2.7168214603641667,7
-9.681353120255617,5.550477129895722,2.5745308852018325,9
13.506874756159101,5.566558750116977,-4.425870106878023,0
3.638579650285456,-0.544744319819701,-9.047391867703105,5
2.1233411298254694,-0.7677102025771282,-9.1674951248538,8
1.3581450051542803,0.17175187684756987,-9.656987811363122,5
9.215178919672145,0.9018463425999167,9.263789958539956,6
11.948442858819119,1.4370845560759207,7.002660909482039,6
2.315396945614694,-0.900873726057317,-7.763284986322355,5
-4.962139349197957,5.003019498769491,5.144886160290792,7
2.240517614794334,-0.16343192669537765,-6.924439048688493,8
-0.5174871259693016,-8.67037649065825,2.7183382898775377,1
12.007677119932879,4.569478114496674,-2.9521821427748574,0
1.0040341202391632,-7.0376658169252915,3.947487818537961,1
10.155731075903637,2.5724793167653237,7.3271807498023405,6
-8.012256336676908,4.779994191453029,2.843776722880221,4
10.259349769971685,0.19904003023056727,6.877772366216398,6
-5.65218598101905,4.882266677159391,4.6873576277119575,7
2.0421630824302834,-1.4724202777519564,-7.9820528182045924,3
-1.054811592967978,-6.090311576049473,3.8995532705073153,1
-3.2034219412552294,3.0395180009177163,4.660813675179374,7
-2.8498061574129316,-9.093097084966178,1.716107330343283,1
0.7954945754610507,-0.874942079841895,-8.051729455503818,8
4.674311900699591,-6.465713821912997,4.798840201358477,2
12.04225202354879,4.462325970277744,-2.043319965412924,0
1.1283386129343564,-7.25841837886003,4.042077937282556,2
-10.354775900146798,5.51265373565563,2.465656450374165,9
-10.07258485712399,5.397911575323575,2.3488950562672097,9
-1.7941207244347754,-0.6208260224074045,4.249242560498518,5
2.1516947311402186,-1.196278388837793,-8.28370304306075,5
-2.533568254413223,-8.952712716386852,2.124849242762148,1
1.867881961418007,-1.015586775682245,-7.708835664733281,5
10.518823625491375,0.9458624459052613,9.041565694967044,6
12.960982911402244,5.516239739334649,-4.808974521342299,0
2.188880444589159,-1.088644541538861,-8.396304754819177,3
-9.623679550989769,5.026876273179381,2.86980427625599,4
-9.483595865463542,5.350763643264679,2.6832492180682808,4
9.160116751753462,1.4433099453056668,8.08782243504668,6
1.040480740873012,-1.5999284291173175,-9.262661146468174,5
-10.02833726714229,5.17698095836908,2.8505200741430197,4
10.038314812709256,1.7825752583062935,7.902241028269861,6
2.9575981796741178,-1.2177093258972178,-7.686559059266104,5
-9.947224867290455,4.972474912021386,3.3692373808011284,4
-1.8483704610047953,-0.21020815791772174,4.463343465442981,5
-2.8106163517119547,-8.507877155561781,2.2289258300580155,1
-9.7844751850183,5.189511076729995,2.639254274862056,4
-10.242587672127247,4.5266530604924275,3.210675124853474,4
-4.182769559757843,2.242557004267929,4.981081373272967,7
3.464036376156482,-6.15589198818023,3.7675276555440984,2
1.399875353665372,-0.2604624488054339,-8.582798468649832,3
3.697722174877917,-5.74531125624847,2.9242732651487864,2
-0.06362175515204749,-7.419162114357544,2.4996074473865213,7
-1.1569544094894038,-8.071326869969987,3.01965020250024,1
1.4082145797869454,-0.29419642445530836,-7.775345615641129,8
-1.4262917228485161,-9.026416422175533,2.052309542176639,1
2.045751780056778,-0.9931244413896037,-7.702456672527373,8
-1.3492094398323458,-8.929320733144595,3.682802522594546,1
1.74724339064799,-0.8799531393289886,-7.813006543682318,8
1.949776454155416,-0.8374040333111376,-7.4506842532315645,5
13.254947835349652,5.502876320146529,-4.415341524249412,0
1.7101372366969367,-1.2588256007839556,-8.371106947421278,8
-9.199051203705553,6.085965530963353,2.7825401975899196,9
3.462517449058956,-7.016134095743541,4.511761033941615,2
2.047320245282247,-1.9018788324025164,-8.842036982637518,5
13.088666750521924,5.514299962923797,-3.845498578009946,0
-2.8218400229076717,-8.973789656983405,1.7783132853678238,1
0.43983992755076406,-6.860380424685468,3.7493450446235714,1
-3.1937400466405266,-8.755575425209868,1.819777048118732,1
12.46567599549135,5.8794059144049315,-4.409664679701239,0
-9.629403944221599,5.310587998642307,2.6669089001881208,9
13.334020825767128,4.499903678211279,-4.26397184780208,0
-2.8444185937051074,-8.837509498591311,1.7888576064361215,3
-0.7591515648820127,-8.807025563235136,2.711110096076302,1
9.913659647571565,-0.7018809531176873,6.956638864202107,6
-9.650063524366855,6.888559506636019,3.106650884050635,4
3.9326254930414395,-6.8650785116889645,4.096441932424774,2
2.5916322750155683,-1.4053439955728928,-8.433741855579106,3
9.42079449357503,1.772147894936422,9.225893847246338,6
1.3371270800944821,-7.660694575418627,2.5861329799408015,1
-2.194310843767274,-8.978996633876745,1.9097953333160291,1
1.7788622750855876,-6.999887280221608,1.8288320601164347,1
1.4835625605745877,-1.754198132135336,-8.788006116540206,3
-9.465831268812,5.631413314185377,2.4802667955213082,9
2.2880873807306354,-1.3064283483755146,-8.717731439661243,5
2.0710699766328595,-4.819981215921795,4.223671630957676,2
-9.896343051057636,5.565427181906852,2.671852643922075,9
-10.549347079113224,5.502031417688769,2.653318655055749,4
-2.051190714094989,-0.7120701279999031,4.593489602541775,5
-10.331821387486858,5.401220099445496,2.412106484900365,9
1.319903143340719,-0.9123208822299389,-7.628972829993527,3
-10.164949831713722,5.324008401046174,2.547715007238372,9
13.075287511037866,4.920677230616884,-2.3753348407657833,0
1.656408500010333,-1.157815167895786,-8.00648216899686,3
8.86999614372914,0.6067339667916778,6.844656042061973,6
-1.6572043577005449,-0.39695267019026215,4.257054345133863,5
1.0826012039149864,-1.136253979243551,-8.69118397010768,5
-6.147668148645239,3.4042186139097534,4.616032170661373,7
2.0756854058331466,-1.1928629384377172,-8.249875328424235,2
5.174738179410009,-6.277978203781498,4.218003799954041,2
-3.519690325825264,3.309187546871282,3.464470386029594,7
0.007945377404973475,-5.819753727227921,3.5230394529860782,1
4.249025408563203,-6.269324498154134,4.042358381818643,2
1.6745080398707821,-0.40587436869566107,-7.9936314854834585,8
-9.857800914523345,4.7486641951331565,2.8854017956475206,4
0.16956555838032594,-6.675283651004165,4.381192460959701,1
-6.240468721696276,5.263676214459323,6.9007892690138535,7
1.5504101840906317,-1.584306671584915,-7.959475607492469,3
1.2186224141994486,-2.328359527177035,-6.799243418172119,3
2.719550952359014,-0.916041266127873,-7.509936950672902,8
1.5783674251973183,-0.6037026988747871,-8.042535864519332,8
-7.253110077090794,3.5617544843998106,5.472419297543841,7
-10.043962241049261,5.4144058885226425,2.6283443417214567,9
3.9802845939410716,-6.534176934720207,4.108591514427541,2
4.303050033307993,-7.472527839001144,3.1433060024238895,2
-9.672039560626388,6.953043041224021,2.8757441704881357,4
-2.5221411705593697,-9.709306560226366,2.0736892736383883,1
1.882170076898808,-1.1893490874907058,-7.933809584647028,5
2.0156735945092654,-1.2179723157309505,-7.9831556473206895,9
-2.1988638346757354,3.505315073943541,3.9750253216847957,8
-5.098736472905211,4.571316322055164,4.098804230843912,7
-1.316237740212164,-8.252146638651059,2.8867288171317127,2
3.2541032357710966,-6.547595882983534,4.130025722314025,3
12.908365080082866,6.780037824511461,-3.775732956627719,0
-0.5714270215628888,-6.689599256240584,4.765657840546302,4
-10.29115314684077,4.330668034254769,1.2323469135614682,4
4.099796417335019,-7.069298895975814,4.135022103972194,2
-9.954570758784381,5.372302434831722,2.6692083360450383,4
-3.2079936860416254,-8.062836435116273,1.6867305564977824,1
-10.186468075113623,5.217392405818038,1.596471096516361,9
2.0790498305257463,-0.7155997016522619,-8.239146178551623,5
-3.5853315188672834,6.464722398943801,6.372517392994058,7
-4.743613017069805,5.346581831363388,6.480964394134549,7
4.2493202885267936,-5.635992182868574,3.781051666744653,2
1.5778614339806525,-1.2040996123507788,-7.818738944017949,8
2.864365440225001,-6.230326777078314,5.038395527106477,2
13.19798052554495,6.159544048629472,-4.719912570474536,6
-1.967617932300449,1.5128815174574215,3.9933568624816385,8
-1.4095909806986753,-7.959545893363103,2.9817500232917493,5
-5.145990805622357,5.945529073075143,5.363979678943668,7
-4.4827684761046775,4.603039003029312,2.7027908939528933,7
-9.867962860270207,5.283034139545707,2.775994158957826,9
-1.9583573480344707,-7.487593084914781,1.9823697328704257,1
2.8280139001877176,-0.9072852855308331,-7.864684629433476,8
-1.7843010886430444,-9.349772115815776,4.2663005845269355,1
2.1154708575459718,-1.0803555698530387,-8.18605609147996,8
13.45223766870953,5.076262777276074,-3.7972011069697347,0
2.654685259198476,-1.3814844835985443,-9.72511247067484,3
11.822944281988606,5.087914965583142,-4.590665302304054,0
-2.2566687838854205,-8.68149013283571,1.2905118917793363,1
-10.411372039156525,4.791762455017146,3.0510386081294425,9
-10.860375998406012,6.292878688994547,1.7963475488926142,9
-9.833608989349756,5.2062768774049015,2.3207077416714426,4
-0.7088126042721319,-9.546983059488952,3.458649687826957,1
1.6297619691866343,-0.807423254134784,-7.588548376460585,8
4.79682233562749,-6.210143289303581,4.606229483319515,2
-2.9048190761731703,-8.803730199025521,2.412553032381263,1
3.1827569349824802,-6.863557999489389,4.037605331524091,2
-7.880216453600861,4.520980273401168,2.6809311868875,9
-4.702611632907729,3.9887120917459105,5.046775040846204,7
-1.3201361052379552,-0.4625725010702856,4.739007574219458,5
-10.326598559934608,5.525155376980072,2.9353585754723,9
4.5573479354187585,-7.283954926936095,4.069613259108856,2
8.228729489609288,2.2527904194631985,7.293737009051261,6
-10.254783407093745,5.469609415639213,2.58528454256068,4
0.11969295668599658,-7.462185184491615,4.085807385582006,1
2.2627633515135157,-1.2570188011708157,-8.037059652148955,5
-9.661640606545932,5.672762013718589,2.630014511702326,8
4.562816179407956,-7.778311158371774,3.6936290728804817,2
-10.478907925173418,5.698219084041992,2.1730498093424853,9
3.7561534146851994,-7.234913506268553,3.959754653015471,2
12.855443143648172,5.154661072290139,-4.229071700375103,0
-9.96759371368508,5.2696061818580855,2.4855272963497286,4
12.80860197843535,5.601120480370888,-4.6248268843360325,0
12.70888971998335,5.658923573903129,-4.414081188369965,0
4.360943694091478,-6.870743815325219,4.182185706764484,2
1.744979071290373,-0.685445657958357,-7.703589224698954,8
0.19490939378839345,-7.7441120906218455,3.3704820834187386,4
-4.647615153721092,3.8349835178919993,4.45062661236856,7
-2.268768789369243,-8.982028957986387,2.3329221065503924,1
3.7165987868145423,-6.853363568191114,4.832315553646044,2
-8.693174805668187,5.739599173207854,2.6728224281999964,4
13.787622679413998,6.34437477776121,-4.040344294690649,0
4.309893259249048,-6.463401246476835,2.5766972915238266,2
-6.745825618806739,4.808572066946532,5.868179470463655,7
-9.218281632282217,6.300672072701129,2.4418691927303016,4
1.9249789963050783,-1.0238968465607894,-7.951307831759753,3
1.7250845281775928,-1.6853975492134663,-8.109218159590366,3
12.481300507807362,5.902563529636709,-4.573934637740658,0
13.554168979639842,2.4405350463561986,-5.010766189971542,0
2.2600696790653534,-1.947808426656907,-8.248315212352669,3
-2.502178515963884,-8.647067461005626,2.1106573947631264,1
-8.686426613570779,6.049954626386821,2.9273446223472637,9
9.47573476956189,-0.39454978472568314,7.705880790496879,6
-1.951983547164375,-0.4917282722002543,4.630501247061596,5
2.5614208827867584,-0.9540766812528445,-8.676740998478463,2
1.4185358045830099,-1.520232563809501,-9.161585134769894,5
-1.3294446741465298,-8.332058291577058,2.641115244763,9
-4.452155166792231,3.8991769229097635,4.7853673852353875,2
-11.498318382519667,5.095947197318316,3.2278271804362224,9
2.515598045978762,-0.92668283225281,-8.51630966546327,3
12.79389815461581,4.880600780384251,-4.670124900253228,0
-3.18727363172479,3.8216647430927866,4.471480204499039,4
3.2537544471828754,-6.595303043718872,4.144521966455568,2
13.704221046224287,5.142398518720775,-5.033396994328978,0
-4.712392825001811,4.864518146111372,5.301295104489043,7
-3.3779050460044298,-8.08727176801791,1.101370487225289,1
-1.411599222975465,-8.575787658249002,3.5145971672346343,1
4.037035294632674,-7.727577074808875,3.6893622566092925,2
-0.8415391869328168,-7.456698930789887,3.615134061408563,1
1.774529305887428,-0.9168971958891542,-8.194250459788027,5
1.3071849526386556,0.08749104407722275,-7.63217126118839,3
2.3542628057374406,-0.8317775649718003,-7.60916411903601,3
-10.228525198362739,5.805245978000943,2.7164356754311556,9
-5.551747476490561,4.169156607004589,5.428591715961245,7
2.234015729948847,-1.2224388306278562,-9.1770277513688,8
9.49090307110896,2.4577987734885323,8.182812652879704,6
2.0695640190992886,-1.4589159349043614,-8.154172277565145,5
-10.34276266023117,5.189381775706112,2.2969609565158224,6
-2.1095186459390733,-8.135394080678031,2.57776166313737,1
0.9635951055475465,-1.8289036846748994,-7.823433444764293,3
1.5922524678318002,-0.844713480577669,-8.282738092408417,8
-1.7817546430994322,-8.5632509625127,2.3914918794744096,1
12.62804597215981,5.243685584139528,-2.3260047314371355,0
1.6205251871624904,-1.027506278820835,-8.334983891238274,5
-1.4420545330115675,-6.708076053221918,4.384042973753563,1
-5.485195970892563,4.293474457605544,4.518348241380653,3
-3.0621688735960717,-9.029279045643294,1.7096080622033638,1
2.9886820491512425,-0.7930620869938166,-6.903793408896908,5
13.300888851895506,4.95436950151478,-3.5578618752194915,5
10.049883931133039,1.4004602648646913,7.883787725866723,6
2.4053421023660793,-6.015436182642696,3.602979693914501,1
-2.902699195681393,1.3748117711085324,4.2149688346697545,8
2.2398964612300167,-1.1733474772526282,-8.21418123990321,5
-0.9139739885982829,-7.492912619474471,1.6679899548410237,1
-9.574843793504284,4.998470089948642,2.7723263815095565,7
-9.726337606907334,5.00565674539779,2.741703458725133,9
-10.61910500405302,5.782070193286011,2.593812947195783,4
10.533607767943796,1.7895967044629901,7.050711797053813,6
-4.70772756734395,4.866788280080608,5.149655900944042,2
3.8370487840806886,-6.423826164314336,3.511793528431751,2
1.852880189781839,-0.8307408699960148,-8.06693959770545,5
12.92846665382127,2.9321537965308053,-5.304326762433833,0
10.244668959546376,1.8735289955005856,8.423287350142607,6
2.2735681401877685,-1.196013095740679,-8.169541150779942,5
9.952207125105687,1.2528881120466695,9.162966195624993,6
2.934145403056174,-1.9672901189325454,-8.365149993179124,3
-4.926677576908371,5.365599175029159,6.244199781223244,7
3.9560960576473607,-7.108509324399073,3.4981699365463905,2
12.844379630237102,5.3192204421297875,-4.265873782127356,0
1.7509992914152839,-0.9586288833127561,-7.430364456879082,8
1.311334216896687,0.6876348797217007,-8.22857242901237,8
1.1504519739555192,-1.083157577099047,-6.572356036282452,5
-8.142252455001275,4.344944636927968,3.316103014158674,4
-0.8022852942008041,-9.083459340825828,2.496711888702844,1
-0.5397722097940787,-8.94165893547659,2.8996202430726306,1
-10.779704313054033,5.32051795133767,3.2317037485965034,4
12.630935276858379,4.358849384492907,-4.132050793243215,0
-5.060491267872675,4.697284611629079,4.654715769033964,3
2.4607966228142377,-2.4204447130521607,-7.831395529792431,3
-4.800822947253661,4.226279645830782,4.295646599093614,7
11.588414108609253,0.8443374410550634,8.222019233140331,6
-1.3687142274388824,-7.679580531689019,2.5384710928831318,1
10.303212318394465,1.047003593806022,7.073631386331402,6
4.591566428397047,-5.984493536059037,2.969871966873681,2
0.9395827245186223,-6.685916696902377,4.050574230215036,1
-9.121189772885796,5.301692191161739,3.0214352831001943,9
4.834156950845208,-6.388637200197505,4.00246592909697,2
1.8298461074436614,-0.5257142334161877,-7.2469301738983685,8
10.52223523229329,0.015255823148033087,7.722650556711768,6
-1.4503930724985012,-6.877709737745375,3.4332893413863217,1
-8.836041680842474,5.914320842107752,2.7994809754957926,9
1.9863050158951396,-1.0959254980959803,-8.540453102225579,5
4.513181832198693,-5.649008565224493,2.866130700081842,2
2.370475327180778,-0.41723855753107886,-8.492651079525002,5
-11.155373437485675,5.430617140865499,2.9843854455658687,4
-11.058362460009379,4.876563847824908,3.1078533127864256,4
4.720001521164435,-6.481848863778528,4.048186800251455,2
1.4659371406047719,-0.9316493227108816,-8.090265306364028,8
1.779756500423158,-1.2737587944637054,-8.496861648880412,3
-9.06735126099956,5.654534244727151,2.5649947814848466,8
3.8286514107773417,-7.003344778433756,3.9894442034874684,2
-10.37501858443208,5.5440596302711835,2.5506507841476025,4
1.7852479257637013,-1.578773445173689,-8.71099914674577,5
13.187738392164789,4.853636695794978,-4.496481625963606,0
2.5930263665351156,-1.508252937917269,-8.511448742638738,3
-2.5336587554634384,-8.759690249254174,2.295458682345849,1
-4.92417622365207,3.48436830796847,4.769682861484278,7
-5.482230784969561,4.02213428451304,3.0575883106703365,7
2.0063043146051243,-0.5997400718386403,-8.132843927031493,5
-4.8682972890890746,5.222541624040557,4.91923276195001,7
-9.493770516771256,4.716740811838688,2.8357999001087872,9
-5.456267384294734,5.839274107689258,5.641884778642512,7
-0.44933848251480524,-7.549874250781823,2.8701798015428763,1
-8.914903968475794,5.590866278602852,3.3870179437530834,9
6.2595957653316106,-8.499856872999496,4.519870305561356,2
-2.065328193363459,-8.752124612755846,1.0808878530242727,1
-2.692265807196357,2.1542453223263514,4.902018816630319,4
4.454980739065959,-6.6906235671737635,3.8624896616176265,2
-9.49378912723983,5.427808921623624,2.9391684356062213,9
4.347279111350186,-6.8138338090072015,3.1063207153778025,2
12.9918961828389,5.4694773478809715,-4.319968540675756,0
-9.710801880888933,5.705176266862723,2.7396231420181416,4
-5.513516289182086,4.641981880278588,3.7303779996252437,9
-2.8088625204626725,-8.256980587377413,1.4197302221490242,1
-9.004554372537779,5.334159225206808,2.8283115662343765,4
1.7105967106472109,-0.7297265986876165,-7.865467319513879,8
0.15157472603584632,-7.884051786900835,3.300329366235378,1
1.8331758737330561,-1.0159635695556546,-7.769274565754854,8
-9.786906132188726,5.206870010295018,2.734169426921162,4
-1.7756948536429737,-0.1631319805983893,4.2649692721181545,5
-9.468334646822361,5.351837649898429,2.7364439046671256,9
1.801337022024579,-0.4422722325041364,-7.50448748608354,8
1.1870274580099258,-0.34838242280776544,-6.847481330664304,8
2.125585724328793,-1.4943645871112041,-8.386688586506807,3
-5.29235390451768,4.273916039304024,5.458350794061179,7
10.91197104044286,0.5676846122375826,6.628630931577058,6
13.705162427684803,4.522880897274719,-4.1553095786036085,0
14.784670217317759,6.417329700420805,-4.885793380559788,0
0.6031053916240976,-3.04008874462375,-7.566962991671079,3
12.673115174152098,5.290177233282246,-3.6855653921725815,0
-1.9183595528490236,2.7542622781175377,5.891160451589997,2
9.80707194199105,2.0467956441768327,8.254309090882014,6
9.820440995074776,1.0975487102760384,8.189218531965864,6
-2.8173428128994646,2.9825831603715027,4.774203190499633,4
1.4081716818476948,-0.5078148841503716,-7.3813289838658775,9
2.143053090058017,-0.9855430256013128,-8.508349837469863,3
2.111095223230362,-0.7623864562195191,-8.619169685351995,3
1.7881253498667498,-0.952450246068715,-8.030273023203309,3
3.6378660789913266,-6.899106626365724,3.419359460073858,2
2.1081398891766225,-1.992503484664193,-8.991896087710407,3
-10.075945018641375,6.037503611330479,2.460425797542732,9
1.2564870035490072,-6.518965184798553,3.8933218727311645,1
3.723406196178945,-6.983614390814449,4.460293912619347,2
9.43734860706873,0.9972871583810022,6.957350900907829,6
1.8115808769697608,-0.4140163243990445,-7.150552169426318,8
12.694653137307483,5.761695620374627,-3.911175959082901,0
-9.425929635039171,4.976137651791802,2.92747916417205,5
10.271561492301483,1.2175058444973847,8.685857378511916,6
9.796555602669905,1.0058846144922473,8.351350783577873,6
11.384649409962424,1.553167889285058,9.385478527586502,6
-2.3892146416043016,2.9925174703504767,4.609037167502954,3
1.5844806688021336,-0.7562564501286582,-7.368075246173826,8
-1.2414091709433044,2.952267736692894,4.72430316686919,8
3.4746887782818825,-5.033057352613605,3.8719927576641826,2
-1.9990176578988614,2.9373708291441942,4.7696017908142325,7
2.5068366539946627,-0.7240220853569256,-8.659074658885178,5
1.8637795881757848,-0.009959057361819124,-7.325999427555272,8
-9.389649674523925,4.307140462388567,3.1363205789007744,9
8.201402518413966,1.7511856184580865,10.055705448831926,6
-2.867153962490313,-9.099940060059478,2.1735193978505114,1
1.969274488844796,-0.30453964838824676,-7.81099593061652,8
-11.664139817371572,5.982668568516846,1.263896172911733,4
-0.9101851510029632,-7.495060897018735,2.8170186784823636,1
4.120043505391864,-6.570835463407707,3.7720449719020834,2
10.54378778000117,0.766050884683658,7.184439432199617,5
2.337953909545491,-0.5451165599794086,-8.703073895524975,9
0.38579543795967947,-7.776463566057105,4.43293935575467,1
-10.021985565961039,5.544863912377044,2.5990690823014297,9
-5.5970838751929115,5.170427337858031,5.525810700625612,7
-1.3786637651707923,-0.5910881991412247,4.2051207477698584,5
-10.61236986611577,5.40055476798897,2.2215753618788585,4
13.094917041863772,4.107021196956644,-5.597947290739587,0
1.4447802844047815,-0.4400806897346919,-7.225219630036238,8
-9.464131032181042,4.828355267150458,2.4215596864280573,9
-6.929342349454393,3.9102303760219903,4.420014833178372,9
-1.8906421300692466,-7.510806826464145,1.3007833278305405,1
10.551164512059504,0.9009338504191398,7.785467203510998,0
2.072313940906218,-0.8707873503075373,-7.819715664338191,5
4.211159567890661,-6.226399926325175,4.068167078391243,2
2.3406589404656843,-2.0418685054111974,-9.827077014431191,3
-3.894443699504671,4.749465492585777,6.7523054618689216,7
2.3189959831589477,-0.992662551564879,-7.938757481108939,8
-10.021887214427284,5.34645972899282,2.7135088865783206,9
-9.713711078157406,5.1180518384572355,3.150649354160307,4
12.610894150875444,6.133728247501244,-4.055541745367458,0
10.381698879374625,-0.5319114686484931,7.822880640421418,6
1.9575749749263691,-0.9703678545884328,-8.525981038963653,3
-8.962185645202094,5.901718138544121,3.7397281597534557,9
1.9715864772499754,-1.2569936994635849,-7.747542636602704,5
4.942958133917716,-6.85546673703521,3.502693734110726,2
-1.8436089818442034,-8.899577898328351,4.002083331552397,1
2.198362078223691,-1.0427961502889929,-8.252102790139075,3
1.0378229756209723,-8.256697317023031,3.967121986674823,1
1.777611639579045,-1.0602688117862056,-7.98739452314876,3
10.507959339393151,0.9692400801725687,6.200389105295406,6
2.0919028814824463,-1.2224262005354658,-7.974410029129634,5
-2.822373789434796,3.386216370816376,3.783644910811274,7
-2.6057640575132335,2.455039550560562,3.7810870045809852,4
3.453438070001415,-7.524712913293345,5.956400653613941,2
4.122693716464083,-5.310758134646491,3.3603403761510964,2
10.279232213536794,2.4047021190742797,7.8858651786593565,6
1.9284738992472668,-0.8790628149119368,-7.8954272690475005,3
5.262440608564374,-7.162923130035453,4.482066043799177,2
10.193622162281049,0.9778226495795302,9.334352139306775,6
2.1554910339230315,-0.8231452754017159,-7.980392844840577,5
-9.230173051959392,5.348263341407316,2.9538693774626252,4
-1.784887907230729,2.8858073619799893,4.98803967871866,8
-10.351076366140878,5.9446883470885075,1.567724295804745,9
-5.468686029582932,4.951057077003445,4.81575695322616,7
1.3648962423168276,-7.433951897014425,4.414956134019974,1
2.5954180347025204,0.10268994796038244,-10.053734179973016,3
12.835684628814928,5.137268140019274,-3.792559816054366,0
2.3563786573622183,0.03603993805458283,-8.41541124051001,3
2.4226191850028056,-1.3570176735147108,-8.368534537992105,8
2.0217916025804668,-0.8988128604244543,-8.487020809932204,3
-0.8774522608271669,-8.559028564201625,1.0122919023267953,1
-9.847532360840411,5.192219815718627,2.8843392398409256,9
1.9706416068481167,-1.3211941510300935,-7.955763411871454,3
-8.233257382272734,6.185399636323952,2.5913691359490882,4
-10.965303143340998,4.403648759596686,3.3537079082854686,4
9.680087291739486,-0.173614771797987,8.126126135785764,6
-10.067145151285407,5.396450949869495,3.042557155991667,4
-1.4393105049243498,-8.263772155939431,2.6784791385782643,2
1.5040513314790023,-8.099856204867486,2.3503087765092365,1
-2.3483537709433095,1.8019297874348164,4.142920094433823,8
4.342829884235531,-7.186456503114114,2.41446866368648,2
1.7399280864689786,-1.4707686960957087,-8.223774359096504,5
-10.28984862347578,6.947229471221165,5.50328666501505,4
0.7080321158124148,-7.430305143305272,4.118943189538518,8
-9.137090067409641,5.1859176426543865,2.6039770248539194,8
-10.395964692473948,6.8171837601014165,3.6647197031957193,4
14.03594570773313,5.387933250332202,-4.282800294831347,0
13.50554584886216,4.503273715977642,-4.073686829869006,0
3.9682642518691096,-6.904859445071173,3.8958628103302995,2
2.0357828827101776,-1.099570083101825,-8.270286536940029,3
4.117542966447397,-7.228769630727598,2.763100026997062,2
-4.864097558244977,4.122775398296903,4.585808005016402,7
-2.49625997997929,-8.687540554113918,2.0033261011004577,7
1.7464820253521427,-0.5468067957449931,-7.511361405923856,0
10.1040404829724,1.3889057110206866,7.922372779620158,8
-4.567665487888864,4.2600885887290385,5.052525849207876,7
-8.379755398134208,5.564169777872826,4.117568200412148,4
-10.734218641343665,5.524104719248874,2.3644362747005463,4
-4.714119559171292,4.834528009964929,5.019466435548145,7
-9.119310692562669,5.335788963665962,2.686025118348311,9
9.930513778696723,1.8129921600551198,8.728079748057866,6
-5.591969177650004,5.45087769052721,3.5263865720079877,9
13.168818834200527,5.304801653296913,-4.044094693816605,0
-9.374090708340214,5.726217895069658,1.8088272527418432,9
1.6131499437320587,-0.6150086463928087,-7.647469219113377,8
11.104450906814424,4.317474184273345,-4.170093217276388,0
-8.82980493817106,3.8076410479757916,3.735959635579321,4
9.471190261219535,1.5205591182839717,6.891626779830495,6
13.03131492935952,6.165789295112926,-3.212559371214888,0
9.66121281886243,2.597883419246285,7.650379047303866,6
1.9466194314938317,-1.957540651456525,-8.573817492304943,3
1.7230058630170004,-1.442468768643651,-8.299153816994458,5
-9.435487276761874,5.3989535332126,2.9268888011834298,4
3.2339229040350306,-1.7004078405274206,-6.356820806678133,8
1.5231867747505943,-1.686912549370648,-8.682224280362995,3
2.407531897160147,-0.6605843609415745,-8.862578917619993,3
-9.671981437128338,4.446327980142204,3.1599338339911127,9
2.9176968310578832,-0.7462206650388791,-7.636106814181613,3
1.1449222853219065,-0.8832219539217245,-7.602952825831826,3
-2.120738529560809,1.7753905981880524,3.692917881378868,3
-3.4710023792640183,3.2528415762301157,4.946573594824239,7
1.3686679537242856,-0.6986723485225171,-7.541127559468391,8
13.158102242022943,4.084770972638151,-3.977835938454502,0
1.9661423730675143,-1.2343690953897637,-7.510413471043671,8
4.404805934924931,-6.605260373318099,3.760308634976126,2
-3.0000055413922895,-9.766101531140853,2.3462734730612076,1
-5.37620264549039,4.407065956294105,4.520355849533255,7
12.676735181320794,4.7590579338697685,-4.113009471606172,0
10.002969180389195,1.3727806537772869,8.851884573104272,6
2.75024827409965,-0.9874607931976804,-8.437832380373838,5
-9.793742347629902,4.737258154529463,1.146027453242819,4
4.176036904414912,0.12539702428323563,-9.224972190333972,3
2.108366345731226,-1.357221032628517,-8.10524076708122,8
12.839214039850575,4.145164723657349,-3.0677729561572304,0
-5.206887757538329,4.083835004876445,4.5793469388584205,9
10.710914067177221,1.9126571215948833,6.008160202077937,6
1.9677386606891765,-1.834927697230047,-8.93034802350926,3
1.5729056173063383,-0.5141091065083934,-7.176417445561049,8
9.81707353382136,2.1709583546797395,7.9134867069058075,0
-9.219542007185023,5.242542690525754,2.887920355605504,9
-10.231756784519973,3.4585935401256402,0.7306464299677415,9
10.370630880744192,1.0155374287474765,8.881487793406428,6
-2.5219886160394096,1.2273879188996228,4.482783407430087,8
10.381800728778547,1.8818332322262474,8.61385995594514,6
1.5225725754173653,-0.5160056907988833,-7.5535202566089685,8
1.5897241119277767,-1.0473705495219061,-7.987622128662313,5
-2.138740578187074,2.7076202489922694,6.946664822461246,7
1.903066665719541,-0.8824591066250342,-7.8900416546383685,8
9.888944470942798,1.3672083304304503,7.139577278642637,6
11.839658190813324,5.102804484355273,-3.6050284284273557,0
3.748490855544007,-6.41005670500204,3.694709423012913,2
1.584305513910057,-7.122958839747081,3.3242717631138516,4
13.572611088580755,5.307017674975879,-4.17949083468178,0
4.74872671255005,-7.425564205034856,4.3998795820672925,2
1.4767325271341716,-7.144898457460814,4.000897167455846,2
2.25592182961935,-1.9797333903467336,-8.139389686282508,3
0.6514047071519911,-7.600643781803289,4.571181763536501,1
-9.719510493823744,5.306006971586095,3.018231125806164,9
-5.203749266130597,4.717745822366518,5.269158147668437,7
1.9657756210601742,-1.1386714596905436,-8.246868670505076,5
-2.76109078512766,-8.83379864884575,1.682931204437845,1
12.421232032425722,5.615100619805219,-4.621510964219075,0
1.774551129986826,-0.7548510945704382,-7.804457200694939,8
-9.318147681879132,5.617422694635125,2.7441884441856215,4
10.016710331443337,0.07672647719128212,7.226855090448332,6
3.1098880098619714,-6.134416109160033,3.710600157481233,2
9.752824486380465,1.4083915084237812,7.9830079936344385,6
-4.60896785029319,2.934159747511517,5.291877371062333,7
-9.556834150960235,5.031238665999617,3.6819082385552226,9
-9.944286561839716,5.321417628332362,2.669009790160571,3
4.010712801162841,-6.147863692616547,3.6361540605511347,2
-9.524434899016732,5.200021695737476,2.9299084196724507,9
1.565280223835739,-0.7758571630908309,-7.64591107908494,8
5.2931283584432185,-6.5238953531874,2.8689372948499665,2
3.8477496639597777,-6.338126736319386,4.991416143750939,2
-10.713292613987846,5.522431719876675,2.4306170337810777,9
3.8598694538749694,-6.8971153542882835,3.945389430486604,2
-5.2849894480195,4.116291578828483,3.0967752452454977,7
2.4389647497467744,-1.8162090765780385,-9.456721293987412,3
-2.141628737920282,-0.8881980864343079,4.924592759761532,5
-8.716034972420157,6.3248792878510685,2.974441599347974,9
-3.5390874232048493,-8.390443234168453,1.7933810762030578,1
2.0256139094936594,-1.1754065439348016,-7.737154300933274,8
10.444379367214,2.3360912560334994,9.648059281487646,0
3.754831845139537,-5.955626316115626,3.5167250948069837,2
12.610022409743932,6.778602176490683,-3.2207323684408773,0
1.5025137391906838,-1.229057661193275,-7.92941302436896,5
3.2970925962703777,-6.269559044086553,4.431960384475605,2
-2.474969513946514,-8.659983601817975,1.385141423337026,1
1.923744854654866,-0.9340768984994101,-8.42812938353889,3
-6.531192076258232,5.68565225850039,1.8059385401081611,7
8.86054547110115,2.1596786746719325,7.875265243589988,6
-6.256152624080103,3.133474440896234,4.6592866123647445,7
-2.3060991351431963,-8.646596448287161,2.0584705926944387,1
-1.5092331286523193,-8.396917887061472,2.438106483097731,2
2.842162392252696,-0.9216945333771206,-8.023763081406077,5
1.8784244783275104,-1.2546912607802212,-7.877805329781677,8
12.587066418764797,3.9476548121517285,-4.546106829252264,0
2.473655917937797,-1.6218034939137178,-8.746859467041922,3
-10.133904412902073,5.408701414343132,2.951565073920616,7
-5.752081940273418,4.734825038353827,4.4435051261161504,2
-9.15937083490726,5.206047148371829,2.825963462570646,4
12.335618767908302,4.646489806958941,-4.160887932922273,0
-8.541814894060433,6.104505878979322,3.763987529369203,9
-1.7149803729058695,-7.961678101636764,2.0634936035555063,1
-2.575544953871531,3.014963568136701,3.660284295644126,8
10.26777160248523,1.7615095692708111,8.658548384821135,6
-5.161820448355819,3.7164284204771274,5.1144378864209745,7
-1.692858373374854,-8.046364416057664,3.932102980824695,7
-10.055239523957491,4.832407719667037,2.4089069221168624,4
1.5804193401103621,-1.1667875322630368,-8.218047247164803,3
-3.617287406532198,1.4053052443838965,4.745600121851648,4
-10.606764483694164,5.663969593957558,2.3397211663298876,9
-1.0516843557780462,-8.778880706019338,3.5513413388571413,1
-3.6146431824635803,1.9896865090745242,4.17913328354802,9
2.1721509421484804,-1.3549292762511531,-8.307469739312106,5
-1.47183996115437,-8.527838802513214,2.8237141859620634,1
-3.0656229911940676,3.1882585488469015,4.398911470901922,7
2.735001710372609,-1.2026505028601355,-8.813922976341706,3
-9.51448255617637,6.331076694911202,3.233059142569067,9
-4.4325016728816795,4.863411823991897,3.9162124139549963,7
9.67810486582388,1.656027336364284,8.512214422455312,6
-10.009079096861445,5.5871932040912355,2.7179445086362217,9
-2.9120085126964437,-8.080668125876603,1.9625726803021002,1
2.895170959059773,-1.4594824731833875,-9.117968646859044,3
-3.3573219263690675,-9.183675697518295,1.7532512301922347,7
-1.990322049200237,1.0501887009944642,4.28414395014078,8
2.256640571347648,-1.0835487633089091,-7.690194818530591,3
1.8619779171005624,-1.2172608197654609,-8.112717766750157,3
10.481260890890226,1.9220186521975504,8.454370796893166,6
-9.281018121903779,5.75201275987672,2.3242391127313495,7
4.216112314790792,-6.755005776560655,4.2033091257438695,2
-9.89568324504862,5.444966415137351,2.734543820398769,8
-2.0078395779048277,-0.9279111468799396,4.258815398304225,5
1.5806976914816544,-0.7313925425563002,-7.620793099908163,8
-1.7057695239657977,-0.024897638212640433,4.364608299886457,5
-0.8580379381134168,-8.44405410105051,3.7450264312581636,1
-2.761491031368698,-8.796534181121366,1.986140482162195,1
-10.210190070354384,5.0511763790967,2.7555046928834663,4
-9.060836066753243,5.653840288753351,3.0080710000903372,4
1.8656681627361433,-1.1844777875078467,-8.055450431819516,3
-2.5887408625978563,-8.78557499793837,1.5783227077148352,1
13.538887748048987,5.406319304538391,-3.421641964564132,0
-3.8733127749471215,4.482570829142143,4.655565497029372,7
-5.082004588985709,4.461506347232261,4.922749859049639,7
14.546103152049437,3.6488351330917705,-3.8388838591038,0
-6.196648520172846,4.230068766212754,3.909634098049157,7
-9.961808269492415,5.624620305945905,2.3894728948617407,9
-9.390461088816734,5.12379291675713,2.880902058617174,4
-9.499787571572213,5.268294798865137,2.142431645963142,4
1.567960662769171,-0.5932937860897427,-7.632904889583274,8
2.1013120049987384,-0.9705094061196108,-7.957937783857689,5
2.8509730800166038,-0.9595837333155697,-8.236364426417262,5
-9.39573195506601,5.45243497285275,1.7605352686451867,4
13.80722572791637,6.052681930378982,-4.052305991040939,0
2.1658013542318413,-1.3299540298494432,-8.687522616982548,8
4.413269734503322,-6.616746265710865,4.317827566685643,2
-0.8312170525223154,-7.759989605718368,4.0244841258809965,1
10.382153349966359,1.7830971346841407,8.94971706787608,0
1.8220487652304098,0.6251177358784226,-7.138024614336712,8
-10.400741826631393,5.389543225736185,2.307543639733338,4
2.7558327740452646,-0.9952329503101669,-8.096020040815858,5
13.418328748589346,5.418308079889622,-4.613267412061621,0
-10.588189087475092,6.132877533968595,1.967047494924096,4
12.197793834335812,5.8578384833591235,-4.922544826964588,0
8.435921950986657,2.564849831869153,8.554141570320139,6
0.8335021088007564,-7.830955411466253,4.581581002917036,1
-4.147859281851522,1.1090191667308593,-2.610889469398707,7
2.012331416076653,-1.1604351010430678,-7.899082004801534,3
3.6447379416146943,-6.718641760761458,3.5164445578424104,2
10.496216993046037,1.2139375233003644,7.7903781378358214,6
-9.690073908188182,5.45943526760566,3.231746026947137,7
3.698249023600423,-6.374288919804911,4.556972074082356,2
10.76127033836393,2.182771489766034,7.84075687699344,6
-10.465138233018163,5.428512305771886,2.1799335564378204,9
3.032015619668207,-0.7619417474547208,-7.592542211116301,3
-2.669691697619731,-8.508532296633483,2.2684428633399003,1
-10.361820709284466,5.611962186600542,2.8736372904139857,4
10.579812582708577,2.4647558716273643,9.538036675853263,6
3.8918127681288848,-6.6516989565839815,3.2755863263079092,2
2.2002687162822974,-1.3900079488485522,-8.478915947444216,5
-9.672366773911886,5.205136373415953,2.412543472816139,4
3.5329740114330055,-5.533136396529721,4.051335395204946,2
12.584294577272988,4.000797166614415,-5.30816462069994,0
11.030958582306061,2.2592723449713628,7.9315905485283285,6
4.650938691571381,-6.3146380351763405,4.058491626573491,2
1.1277893888011001,-7.190452517330768,4.368557833625432,1
-6.800777278119243,3.1663018776876055,5.158061288316528,7
2.380634444606317,-1.047059745294869,-8.010608593778015,3
-9.959021704629354,5.164657145885387,3.5021192307099542,4
-0.5206868098209518,-7.00302638469472,4.50470918492749,1
13.17432809727531,2.9297446587873797,-3.7586322202255205,0
2.46313398862016,-0.842404143402723,-8.656914307382022,5
-9.37449460518818,5.073225912218355,2.954580959040763,4
1.6240438378840913,-1.7758235105767224,-8.740332576144498,3
-0.04270059275952476,-6.737652763104324,3.9785627494587086,1
-1.6554564445831215,-9.149392620792327,1.0616126252920715,1
-4.7709123781575675,3.5538668297491687,5.158066434724576,7
-9.98725020839137,4.794552542798323,1.49019142029148,4
-5.358568632606637,5.613082202813498,3.392066244929574,9
-5.227162737068953,4.15778181636127,5.434421526984583,9
-2.504105735768117,2.9810359072893253,4.159113088551262,4
1.842690587543606,-0.48305427526569994,-7.393140791894634,8
-10.469861648066106,5.788530123654394,2.046253687536007,4
13.208515083002682,5.3796445245249584,-4.3135092635758365,0
4.001497691425985,-5.646226595472816,4.865668424518766,2
-9.279187490878694,5.1403123729674105,3.4707406442911264,4
2.453718963790839,-1.577089913892209,-8.545157028074428,5
-0.9775492057239124,-6.931911929795928,4.362018719284928,1
-1.3845486997048413,-8.041411980535239,3.6899802219730793,1
8.632467820027793,1.2466721819841302,7.924041867706877,6
-9.908529207701028,5.623633699016716,2.285562022443361,4
-5.033690287106901,5.587098264688164,4.0969518847996005,7
-2.7698920063539285,-8.895122542048385,2.022557991325508,1
-10.176456955697645,6.31386395710788,1.235807469982152,9
-11.47505586355429,4.307090559456311,2.6670891539662596,4
3.804491032268118,-6.66450309680449,3.608563135466945,2
-10.532841618397843,5.491871173831902,2.4172406873234125,4
-2.9210794589855675,-9.079947619487314,1.9120275448615922,1
1.9494803520549941,-1.022414159299975,-8.261054746926135,5
-1.9286438013666984,-1.3950200074991452,4.734843307927344,5
3.17452247583617,-1.8450934457008843,-8.673538329913244,3
1.6906360521381594,-0.9990103372880109,-8.295122211068737,8
1.8118373544276076,-2.0905890040845465,-6.864987186348985,3
-2.403674001241011,-8.917031169928709,1.747996453808725,1
-11.190175819979956,5.930548532787223,2.359265017838031,4
2.18797755362519,-0.756635098401222,-7.994541808996957,5
10.5805069137749,1.1159779953945985,7.883976757033171,6
2.2259962488391984,-0.7395194908681973,-7.775921546253686,8
-9.649901932425871,5.329730922871948,2.815929389135662,9
-10.1193027095211,5.795547740195737,2.0245117813623996,4
-1.2074348375378294,-8.102691006935752,2.8985326761138452,1
-10.069149562367125,5.563996666690998,2.819525432019094,5
2.0736296698287657,-1.1536412430123975,-8.44516161267619,3
3.316469547225932,-2.6523028206163533,-7.333189369579113,8
9.894933832373221,4.895274812000086,-3.947230340620507,0
2.345045268640599,-1.7238220068912966,-8.05974891601835,3
4.459562589908903,-5.5356759224220475,4.490957219352632,2
-2.341819979167611,-8.675378719414958,2.2118624769411155,5
-3.073784163902818,-9.15048525258945,1.6894968007169333,1
4.112603252440937,-6.601788032555473,4.108096950358474,2
12.849946486116242,4.800672249838504,-4.653941469574622,8
2.1668253083054663,-1.218062052947269,-8.949854588611817,3
-10.167636604574723,6.156768899284541,1.8251517213990947,4
-10.228926360343625,5.42370967411325,2.675697078560276,4
13.564325252199824,5.599674286392281,-4.440392589742036,0
1.495612660247423,-0.7278889942971392,-7.832081005917204,8
1.538649529806531,-1.1543710417662378,-8.00047116064506,8
1.8516390120937833,-1.269936937961679,-8.068566140364863,3
2.8026865034054187,-0.9975201129884779,-8.4865049741832,3
-1.254299306776331,-8.14561793496849,2.989590834928809,1
-4.938001442298063,4.311229725818828,5.084076516890655,7
1.7005609435371927,-1.6283957963474769,-8.557429533192213,3
2.0026492401297316,-1.1515553124894489,-8.351096411272284,5
-7.331216052360352,4.348157015814175,4.258411818110383,9
9.58234690721115,2.626551051878545,7.83458627383591,6
1.6609775877974233,-0.8439236229446715,-8.61148720993952,3
3.672558070967333,-8.04700812780806,3.331464018503736,2
10.153644758269724,1.3294927894863315,7.147266440825433,6
-2.258167569002749,-8.574717252974871,2.0888235860642093,1
2.4052227203556686,-1.646376640085729,-9.076828943368353,3
10.287248754260009,1.042657029189281,5.566497701905732,6
13.21040496933757,6.092509456782228,-4.33782691510682,0
-5.554623754838117,4.604893773577688,5.819946981918637,7
4.59351223507536,-6.53036682690104,4.218949889446369,2
-1.3961065962183445,-8.082370973630784,3.4543293795214014,1
-5.172311050646513,6.170512659346969,4.990510813534575,7
-4.821832916402038,-7.715466667749541,2.402880518467236,1
-2.3286939120008814,2.6309071450563337,3.8826141079772776,4
3.9858625812077646,-6.71354330200723,3.777938497531872,2
-2.235140571695525,2.4670893445075412,4.678598819814853,4
-9.229857957935597,5.38928718162471,3.0479764427166165,2
-2.0612746043535375,-7.616831541555446,2.501838420684941,1
-5.420560004942949,4.387880443925685,6.07771882456644,7
-8.682574906251626,5.119477260792647,2.752321853519411,9
9.76993340682976,0.8100540370275504,7.253207336221259,6
0.7879561789526317,-7.061713171336175,4.831541878352284,1
1.3731137353991467,-7.414904432874778,3.5737755103381246,1
2.5237574934278824,-6.576677053777458,2.4161762810888634,2
-10.336240312909467,5.823211997156364,2.4037829236087176,4
2.147783768028557,-0.9717293412989093,-7.604259681566531,8
0.6508375897823395,-8.10914847897666,4.644834993111152,1
-5.287702796409647,4.696522091727644,4.208050172632226,7
-5.0046284077758365,4.769500926807456,4.226435514345438,7
-9.500985729060673,5.295486282178279,3.094482800480179,4
-3.642763421626859,0.8375333389381563,-3.5678375986877313,8
12.637738545910079,6.091874236304688,-4.182967257296137,0
0.0424101763279916,4.148203954971965,0.06341447179651008,7
2.0230791273410222,-1.124202872395815,-8.260294571512098,3
1.1840482512062132,-7.430660261049063,4.080416442241605,1
2.180970680084778,-1.0221267072610507,-7.672648584977031,3
-2.3526074313520224,-7.508959442658549,3.3504856560231433,1
13.086512173573327,6.551122990279053,-3.8890260827716983,0
-5.9632203418475545,5.674444465520385,5.578941366950849,7
-2.5584865700838875,2.821070498176905,4.253904720424049,7
14.558964578931358,5.1951325615963775,-5.5178480318814636,0
1.6517987270347492,0.643529966502522,-9.489915360447302,3
-1.7425738996119835,-0.9804636193613634,4.433905223841767,5
1.9132619219418523,-1.335002757559358,-8.302018346552083,5
4.655941283755581,-6.041823878471453,3.801936354088683,2
-4.632625417890826,6.095677943683812,3.914153246643627,7
8.846675529495267,2.7227618417559354,7.8630149856560765,6
11.083990909822996,1.3722366868505884,7.442616692553528,6
-8.810794379186628,5.518309596754951,2.3621065061817994,9
4.1470951436612165,-6.033823693074394,4.11052374308414,2
1.8881192249541472,-0.7169334711093414,-7.987525048419797,8
1.355876655121399,-1.337465111248569,-8.225268223517647,3
2.0095248356587527,-0.7442656729567717,-8.41062296123254,5
4.295373875380381,-6.427193835723267,4.403859470240957,2
4.433526032068566,-7.119689505064361,4.553782509022052,2
2.0215637357527725,-0.9428723513103145,-8.152098501712487,5
8.712519870650938,0.8319237817332262,7.799030767053572,6
12.449469342199047,7.275407304365373,-3.7338490015489496,0
1.3386154479250292,0.35082357687692034,-7.847385986225407,8
3.5323419700986145,-6.291692168313235,3.0631751764115354,2
-3.653024745993006,0.23493619775074848,5.96807642405403,9
4.226713137408943,-7.410505740803682,4.004471394058193,2
2.5404204910000256,-0.9265868168018131,-8.224896819044115,8
2.568079349914052,-1.1831590665298404,-8.867182029984784,8
1.9439964215368808,-1.2311598312126963,-8.141252439201349,8
1.5680364967621105,-1.1257343756085454,-8.027105138809125,8
-2.8457332343024713,2.9373331541629395,4.988899758610562,7
-9.970784305725926,5.5827969746404795,2.6337782867063675,4
-7.217883981117859,4.169922001409252,4.303085497382619,9
-3.616917497850953,0.8946369207608011,-3.576000223880597,3
13.570999085955709,5.960894922880238,-4.784121209523925,0
10.210280500066007,0.770440703607523,7.26893637283245,6
9.58517879831402,1.818036184193569,8.40144584880989,6
2.2492053408211508,-1.5149640428368538,-8.128084829988971,3
4.849683626350245,-7.5976921995218625,3.065138519093237,2
-2.7730714538363443,-8.152613583708895,2.1894591407601163,1
1.804781516723851,-1.4280857958818087,-8.03587255405607,3
4.658607868777343,-6.615167301815332,3.8564171720480864,2
4.631094683689685,-7.646158117719191,3.124898093454334,2
-9.98075831755901,5.499166324641777,2.5649431933186397,9
1.9650461084288195,-1.285003326055662,-8.415973909362885,3
12.595623832429059,5.030367541482062,-3.8846118779179166,0
12.839027173700897,5.594894255634126,-4.201658858592614,0
1.832653522711272,-0.8463607159492581,-8.332713521925747,5
-4.964973918691134,3.9845361831505333,4.241681793495533,7
1.984886476901353,-1.2188698142884906,-8.203978170272588,8
-2.138050500298798,-8.63525135485433,2.1129480705011137,1
-10.305861304584925,5.2501299180306935,2.7414823021305055,4
-10.864568091893515,5.587541114945504,3.355487768146619,4
10.614812648571213,3.52250356237255,8.708063679312698,6
12.216249543911612,5.247023294177854,-4.397755815988716,0
3.2703645442379594,-5.716432731442739,4.33223368491327,2
-9.967980494031261,5.6195591301397,3.1043536293025955,9
1.1327734471755164,-5.826676516684792,5.139126140206343,1
-8.083365693878747,5.488920835244539,2.2416533090302684,4
-5.448235768762801,5.386014466178718,5.341835901822871,7
-9.532980620126347,4.700214668498926,3.7682920093405508,4
-5.117169377314968,3.951954457328367,3.4812719070476867,7
2.3725944552333353,-1.828151610007612,-8.552967081255654,3
-9.905344360981072,5.688600335475554,1.877706616737757,9
-2.1815952682584316,1.611828145329103,4.209124172914325,8
2.4833101762097867,-0.8960206296744767,-8.157765004423204,8
-10.504579265615163,5.708237388035847,2.8254366288740216,4
-3.5459974889437564,3.6490905834917013,4.806066326721305,7
-1.746761406375589,-8.218102521772051,1.9596463184948079,1
3.7784624019915065,-7.290667471424416,2.9757364116912717,2
-1.8021110252932615,-7.4350110278418535,4.232927533542088,1
3.637498520882554,-7.480551146263432,5.2165888672255285,2
3.9057379360802655,-6.554055284943701,3.9558813060988087,2
2.046582725648336,-0.8468734840650456,-8.366645126523377,3
-2.009948172421047,3.2570695946216563,4.786738741978385,2
3.273031513296809,-1.2692937858708109,-8.465987676112736,3
12.10210625410099,5.234080774151271,-4.257836350433167,2
2.682177086739559,-0.7438386714697438,-8.721314020347004,3
-10.397863615003464,5.594265713841607,2.6526861734160945,9
-0.618863113891643,-7.758572115338799,1.7366480908271822,1
-4.4453427098153435,2.8420271758224613,4.3830090947535405,7
-8.394251236141631,7.472531346371472,4.423382423230896,4
13.701871909811729,5.652639730002136,-4.323605127604695,0
3.0525211368089256,-1.411811717054236,-8.41481639275195,3
1.8213352633951079,-0.9257162072178471,-8.259867858565325,5
-1.7137127679104496,0.09699570095775611,4.51978572595491,5
1.6290645521410627,-1.0009505282416666,-8.031396235133096,8
10.11720585841727,1.7234817714978978,8.5206306674603,6
1.7922455632040464,-1.5437841916475015,-7.875267174958479,3
-0.10515505830444655,3.6453427767681794,-0.5230643075809019,2
8.675026338468097,1.2039818240765718,8.058347791122793,6
-5.7499193175415355,4.709187273662563,2.3569293552814368,7
10.917185473174433,0.6262189406922969,7.442628755808007,6
10.25981581479302,1.9520988713610539,6.285899583285184,6
1.770143995183247,-1.1763576793241008,-7.951039965004115,3
4.540530549268941,-5.471950362963062,4.3166999035808455,2
-5.167326643403858,4.589780282685196,4.382360753287122,7
-9.852427069433235,5.286138814162737,2.712706165146748,8
-2.5994395313295096,-8.71762065698276,2.1542671832489906,1
-2.693211751714167,-8.895154706734399,1.6481520719083094,1
-2.092244728278711,2.5624675328605075,4.459978618532297,7
-9.479435389114292,5.192245750939707,2.5210378436719574,5
10.072165273657108,2.1513181152662435,7.382658698691683,6
-9.69187119270873,4.494926298528612,4.229269805063078,4
-7.535531410687831,4.928301398385593,2.60248604276839,9
2.353919568897702,-0.6589628286437306,-7.918217891498409,5
-3.0072039277459632,-9.126401176440321,1.604467135034394,1
2.806030878024056,-0.9566767098558907,-8.770010742865091,3
2.2839781064690294,-1.0288407863622127,-8.161098153254041,3
-9.9029154370311,5.332070039274838,2.7028765599115228,4
-4.6438473353107765,4.275968040515488,4.901108156951999,7
2.8417853276631106,-0.6058976702082599,-7.867396029547488,8
-6.005331873397837,4.8829753186369835,4.406944557874526,9
-0.11931987728755122,-7.54224731284632,3.7114717113332447,1
2.186966036226439,-9.07492848902976,3.336963930274872,1
12.727756146228181,4.734130647022401,-4.186706676464542,6
-5.396053235985827,4.770091807039366,4.015652302458094,9
0.24654369947745025,-6.983482582910625,2.0150742346170176,1
-9.63215386856177,6.0091227196620025,2.2636438015658,4
-10.55837686135531,5.188803418607447,2.3387925325192733,4
2.139434706790798,-0.6992622038052307,-7.732729569719756,5
-9.6199485869824,3.8927262210406126,1.085367470843978,4
13.942405245963167,5.592078548444791,-3.3516760161125827,0
11.802292523715398,1.6233359412611112,7.6417642601477205,6
3.810997044902165,-7.780941878050129,3.0252400530857066,2
2.0260249960848653,-1.313780743764394,-8.121281607398828,2
2.061889884284926,-0.8822931480365435,-8.015041693222102,3
0.6518461651830322,-7.176814559359769,3.9144465632206016,1
3.4185951498680014,-0.002324598095529984,-6.756318999962274,5
-2.9791331192373516,-8.79013914694358,1.7066815932090407,1
3.8772755342403737,-6.088458665070306,4.653545138791962,2
13.273149518337275,6.355918738865046,-4.6082765247676605,0
1.5848376741191577,-0.6645989777127775,-7.62600383741642,3
-0.05788351214381526,2.7247933859698366,4.645755668729789,8
-3.820504552205321,-9.059762505107692,2.9632351737157876,1
3.7302637129500047,-6.75745795920127,4.383426858648596,2
10.704328490564802,2.9038013011766743,7.358665428827272,6
-5.495989311528668,4.45062261998881,4.865934114000086,7
-3.1035165413839056,-8.415524370617879,1.731962970265358,1
9.322669514056836,1.4190503532086747,8.770074579900646,6
3.934095094540857,-6.728300684155904,4.286898697228943,2
1.813864087373657,-0.6369592035221886,-8.241294899397458,3
-9.730700357787121,5.459229155364448,3.0426249640972243,9
12.074127989697704,5.624659859674008,-4.019161217285602,0
-3.021849966014371,-8.877195259436025,1.7076572258056828,1
4.936844034936518,-6.901670135147371,4.541237341938473,2
4.003320204841869,-6.362452568884857,3.1054907761473687,2
13.171907224565423,4.799340918643121,-4.5181760458858875,0
1.800163912986894,-0.9021846305544914,-8.001626447309567,8
